ID;ACCESSION;DEFINITION;VERSION;REFERENCE;ORGANISM;AUTHORS;TITLE;Assembly.Method;Sequencing.Technology;Location.Qualifiers;mol_type;strain;host;geo_loc_name;collection_date;Date_Soumission;Species;Sequence_Length
KJ879747.1;"KJ879747
";VP1;"KJ879747.1
";"1  (bases 1 to 249)
";"Coxsackievirus B3
";"Prem,G., Sareen,S.J., Swapna P,A. and Bright Singh,I.
";"Virus Isolated from Central Travancore Region of Kerala, South
";NA;"Sanger dideoxy sequencing
";"         1..249
";genomic RNA;NA;mosquito;India: rubber plantation;2008;"14-SEP-2014
";Enterovirus B;"249
"
KJ879746.1;"KJ879746
";VP1;"KJ879746.1
";"1  (bases 1 to 207)
";"Coxsackievirus B3
";"Prem,G., Sareen,S.J., Swapna P,A. and Bright Singh,I.
";"Virus Isolated from Central Travancore Region of Kerala, South
";NA;"Sanger dideoxy sequencing
";"         1..207
";genomic RNA;NA;mosquito;India: rubber plantation;2008;"14-SEP-2014
";Enterovirus B;"207
"
KJ879745.1;"KJ879745
";VP1;"KJ879745.1
";"1  (bases 1 to 203)
";"Coxsackievirus B3
";"Prem,G., Sareen,S.J., Swapna P,A. and Bright Singh,I.
";"Virus Isolated from Central Travancore Region of Kerala, South
";NA;"Sanger dideoxy sequencing
";"         1..203
";genomic RNA;NA;mosquito;India: rubber plantation;2008;"14-SEP-2014
";Enterovirus B;"203
"
KJ879744.1;"KJ879744
";VP1;"KJ879744.1
";"1  (bases 1 to 248)
";"Coxsackievirus B3
";"Prem,G., Sareen,S.J. and Bright,I.S.
";"Virus Isolated from Central Travancore Region of Kerala, South
";NA;"Sanger dideoxy sequencing
";"         1..248
";genomic RNA;NA;mosquito;India: rubber plantation;2007;"14-SEP-2014
";Enterovirus B;"248
"
KJ879743.1;"KJ879743
";VP1;"KJ879743.1
";"1  (bases 1 to 206)
";"Coxsackievirus B3
";"Prem,G., Sareen,S.J. and Bright,I.S.
";"Virus Isolated from Central Travancore Region of Kerala, South
";NA;"Sanger dideoxy sequencing
";"         1..206
";genomic RNA;NA;mosquito;India: rubber plantation;2007;"14-SEP-2014
";Enterovirus B;"206
"
KJ879742.1;"KJ879742
";VP1;"KJ879742.1
";"1  (bases 1 to 202)
";"Coxsackievirus B3
";"Prem,G., Vrinda,S. and Bright,I.S.
";"Virus Isolated from Central Travancore Region of Kerala, South
";NA;"Sanger dideoxy sequencing
";"         1..202
";genomic RNA;NA;mosquito;India: rubber plantation;2007;"14-SEP-2014
";Enterovirus B;"202
"
KJ879741.1;"KJ879741
";VP1;"KJ879741.1
";"1  (bases 1 to 219)
";"Coxsackievirus B3
";"Prem,G., Sareen,S.J., Swapna P,A. and Bright,I.S.
";"Virus Isolated from Central Travancore Region of Kerala, South
";NA;"Sanger dideoxy sequencing
";"         1..219
";genomic RNA;NA;mosquito;India: rubber plantation;2008;"14-SEP-2014
";Enterovirus B;"219
"
KJ879740.1;"KJ879740
";VP1;"KJ879740.1
";"1  (bases 1 to 276)
";"Coxsackievirus B3
";"Prem,G., Sareen,S.J., Swapna P,A. and Bright,I.S.
";"Virus Isolated from Central Travancore Region of Kerala, South
";NA;"Sanger dideoxy sequencing
";"         1..276
";genomic RNA;NA;mosquito;India: rubber plantation;2008;"14-SEP-2014
";Enterovirus B;"276
"
KJ879739.1;"KJ879739
";VP1;"KJ879739.1
";"1  (bases 1 to 215)
";"Coxsackievirus B3
";"Prem,G., Haseeb,M., Swapna P,A. and Bright,I.S.
";"Virus Isolated from Central Travancore Region of Kerala, South
";NA;"Sanger dideoxy sequencing
";"         1..215
";genomic RNA;NA;mosquito;India: rubber plantation;2008;"14-SEP-2014
";Enterovirus B;"215
"
KJ879738.1;"KJ879738
";VP1;"KJ879738.1
";"1  (bases 1 to 215)
";"Coxsackievirus B3
";"Prem,G., Haseeb,M., Swapna P,A. and Bright,I.S.
";"Virus Isolated from Central Travancore Region of Kerala, South
";NA;"Sanger dideoxy sequencing
";"         1..215
";genomic RNA;NA;mosquito;India: rubber plantation;2007;"14-SEP-2014
";Enterovirus B;"215
"
KJ879737.1;"KJ879737
";VP1;"KJ879737.1
";"1  (bases 1 to 216)
";"Coxsackievirus B3
";"Prem,G., Haseeb,M., Swapna P,A. and Bright,I.S.
";"Virus Isolated from Central Travancore Region of Kerala, South
";NA;"Sanger dideoxy sequencing
";"         1..216
";genomic RNA;NA;mosquito;India: rubber plantation;2007;"14-SEP-2014
";Enterovirus B;"216
"
KJ879736.1;"KJ879736
";VP1;"KJ879736.1
";"1  (bases 1 to 263)
";"Coxsackievirus B3
";"Prem,G., Haseeb,M., Swapna P,A. and Bright,S.I.
";"Virus Isolated from Central Travancore Region of Kerala, South
";NA;"Sanger dideoxy sequencing
";"         1..263
";genomic RNA;NA;mosquito;India: rubber plantation;2007;"14-SEP-2014
";Enterovirus B;"263
"
KJ879735.1;"KJ879735
";VP1;"KJ879735.1
";"1  (bases 1 to 215)
";"Coxsackievirus B3
";"Prem,G., Haseeb,M., Swapna P,A. and Bright,I.S.
";"Virus Isolated from Central Travancore Region of Kerala, South
";NA;"Sanger dideoxy sequencing
";"         1..215
";genomic RNA;NA;mosquito;India: rubber plantation;2007;"14-SEP-2014
";Enterovirus B;"215
"
KJ879734.1;"KJ879734
";VP1;"KJ879734.1
";"1  (bases 1 to 217)
";"Coxsackievirus B3
";"Prem,G., Haseeb,M., Swapna P,A. and Bright,S.I.
";"Virus Isolated from Central Travancore Region of Kerala, South
";NA;"Sanger dideoxy sequencing
";"         1..217
";genomic RNA;NA;mosquito;India: rubber plantation;2007;"14-SEP-2014
";Enterovirus B;"217
"
KJ879733.1;"KJ879733
";VP1;"KJ879733.1
";"1  (bases 1 to 201)
";"Coxsackievirus B3
";"Prem,G., Haseeb,M., Swapna P,A. and Bright,S.
";"Virus Isolated from Central Travancore Region of Kerala, South
";NA;"Sanger dideoxy sequencing
";"         1..201
";genomic RNA;NA;mosquito;India: rubber plantation;2007;"14-SEP-2014
";Enterovirus B;"201
"
KJ879732.1;"KJ879732
";VP1;"KJ879732.1
";"1  (bases 1 to 219)
";"Coxsackievirus B3
";"Prem,G., Haseeb,M., Swapna P,A. and Bright,S.
";"Virus Isolated from Central Travancore Region of Kerala, South
";NA;"Sanger dideoxy sequencing
";"         1..219
";genomic RNA;NA;mosquito;India: rubber plantation;2007;"14-SEP-2014
";Enterovirus B;"219
"
KJ879731.1;"KJ879731
";VP1;"KJ879731.1
";"1  (bases 1 to 255)
";"Coxsackievirus B3
";"Prem,G., Vrinda,S., Swapna P,A. and Bright,S.I.
";"Virus Isolated from Central Travancore Region of Kerala, South
";NA;"Sanger dideoxy sequencing
";"         1..255
";genomic RNA;NA;mosquito;India: rubber plantation;2007;"14-SEP-2014
";Enterovirus B;"255
"
KJ879730.1;"KJ879730
";VP1;"KJ879730.1
";"1  (bases 1 to 214)
";"Coxsackievirus B3
";"Prem,G., Vrinda,S., Swapna P,A. and Bright,S.I.
";"Virus Isolated from Central Travancore Region of Kerala, South
";NA;"Sanger dideoxy sequencing
";"         1..214
";genomic RNA;NA;mosquito;India: rubber plantation;2007;"14-SEP-2014
";Enterovirus B;"214
"
KJ777696.1;"KJ777696
";VP1;"KJ777696.1
";"1  (bases 1 to 215)
";"Coxsackievirus B3
";"Prem,G., Vrinda,S. and Bright Singh,I.S.
";"Virus Isolated from the Central Travancore Region of Kerala, S.
";NA;"Sanger dideoxy sequencing
";"         1..215
";genomic RNA;NA;mosquito;India: rubber plantation;2007;"05-JUL-2014
";Enterovirus B;"215
"
KJ777695.1;"KJ777695
";VP1;"KJ777695.1
";"1  (bases 1 to 294)
";"Coxsackievirus B3
";"Prem,G., Vrinda,S. and Bright Singh,I.S.
";"Virus Isolated from the Central Travancore Region of Kerala, S.
";NA;"Sanger dideoxy sequencing
";"         1..294
";genomic RNA;NA;mosquito;India: rubber plantation;2007;"05-JUL-2014
";Enterovirus B;"294
"
KF986409.1;"KF986409
";"Human coxsackievirus B3 strain MCCV2B 5' UTR.
";"KF986409.1
";"1  (bases 1 to 500)
";"Coxsackievirus B3
";"Gopinath,P., Kanjur,R. and Singh,I.B.
";"Direct Submission
";NA;"Sanger dideoxy sequencing
";"         1..500
";genomic RNA;MCCV2B;mosquito;India;2008;"11-MAR-2014
";Enterovirus B;"500
"
KF986408.1;"KF986408
";"Human coxsackievirus B3 strain MCCV2A 5' UTR.
";"KF986408.1
";"1  (bases 1 to 481)
";"Coxsackievirus B3
";"Gopinath,P., Kanjur,R. and Singh,I.B.
";"Direct Submission
";NA;"Sanger dideoxy sequencing
";"         1..481
";genomic RNA;MCCV2A;mosquito;India;2008;"11-MAR-2014
";Enterovirus B;"481
"
KF986407.1;"KF986407
";"Human coxsackievirus B3 strain MCCV1Z 5' UTR.
";"KF986407.1
";"1  (bases 1 to 500)
";"Coxsackievirus B3
";"Gopinath,P., Kanjur,R. and Singh,I.B.
";"Direct Submission
";NA;"Sanger dideoxy sequencing
";"         1..500
";genomic RNA;MCCV1Z;mosquito;India;2008;"11-MAR-2014
";Enterovirus B;"500
"
KF986406.1;"KF986406
";"Human coxsackievirus B3 strain MCCV1Y 5' UTR.
";"KF986406.1
";"1  (bases 1 to 491)
";"Coxsackievirus B3
";"Gopinath,P., Kanjur,R. and Singh,I.B.
";"Direct Submission
";NA;"Sanger dideoxy sequencing
";"         1..491
";genomic RNA;MCCV1Y;mosquito;India;2008;"11-MAR-2014
";Enterovirus B;"491
"
KF986405.1;"KF986405
";"Human coxsackievirus B3 strain MCCV1X 5' UTR.
";"KF986405.1
";"1  (bases 1 to 501)
";"Coxsackievirus B3
";"Gopinath,P., Kanjur,R. and Singh,I.B.
";"Direct Submission
";NA;"Sanger dideoxy sequencing
";"         1..501
";genomic RNA;MCCV1X;mosquito;India;2008;"11-MAR-2014
";Enterovirus B;"501
"
KF986404.1;"KF986404
";"Human coxsackievirus B3 strain MCCV1V1 5' UTR.
";"KF986404.1
";"1  (bases 1 to 495)
";"Coxsackievirus B3
";"Gopinath,P., Kanjur,R. and Singh,I.B.
";"Direct Submission
";NA;"Sanger dideoxy sequencing
";"         1..495
";genomic RNA;MCCV1V1;mosquito;India;2008;"11-MAR-2014
";Enterovirus B;"495
"
KF986403.1;"KF986403
";"Human coxsackievirus B3 strain MCCV1U 5' UTR.
";"KF986403.1
";"1  (bases 1 to 506)
";"Coxsackievirus B3
";"Gopinath,P., Kanjur,R. and Singh,I.B.
";"Direct Submission
";NA;"Sanger dideoxy sequencing
";"         1..506
";genomic RNA;MCCV1U;mosquito;India;2008;"11-MAR-2014
";Enterovirus B;"506
"
KF986402.1;"KF986402
";"Human coxsackievirus B3 strain MCCV1T 5' UTR.
";"KF986402.1
";"1  (bases 1 to 491)
";"Coxsackievirus B3
";"Gopinath,P., Kanjur,R. and Singh,I.B.
";"Direct Submission
";NA;"Sanger dideoxy sequencing
";"         1..491
";genomic RNA;MCCV1T;mosquito;India;2008;"11-MAR-2014
";Enterovirus B;"491
"
KF986401.1;"KF986401
";"Human coxsackievirus B3 strain MCCV1S 5' UTR.
";"KF986401.1
";"1  (bases 1 to 494)
";"Coxsackievirus B3
";"Gopinath,P., Kanjur,R. and Singh,I.B.
";"Direct Submission
";NA;"Sanger dideoxy sequencing
";"         1..494
";genomic RNA;MCCV1S;mosquito;India;2008;"11-MAR-2014
";Enterovirus B;"494
"
KF986400.1;"KF986400
";"Human coxsackievirus B3 strain MCCV1O 5' UTR.
";"KF986400.1
";"1  (bases 1 to 531)
";"Coxsackievirus B3
";"Gopinath,P., Kanjur,R. and Singh,I.B.
";"Direct Submission
";NA;"Sanger dideoxy sequencing
";"         1..531
";genomic RNA;MCCV1O;mosquito;India;2007;"11-MAR-2014
";Enterovirus B;"531
"
MT649091.1;"MT649091
";polyprotein;"MT649091.1
";"1  (bases 1 to 7341)
";"enterovirus A122
";"Han,Z., Xiao,J., Song,Y., Zhao,X., Sun,Q., Lu,H., Zhang,K., Li,J.,
";"Highly diverse ribonucleic acid viruses in the viromes of
";"Sequencher v. 5.0
";"Sanger dideoxy sequencing
";"         1..7341
";genomic RNA;NA;Nonhuman_Primate;China;2020;"17-JAN-2023
";Enterovirus A;"341
"
MT649088.1;"MT649088
";polyprotein;"MT649088.1
";"1  (bases 1 to 7316)
";"enterovirus A122
";"Han,Z., Xiao,J., Song,Y., Zhao,X., Sun,Q., Lu,H., Zhang,K., Li,J.,
";"Highly diverse ribonucleic acid viruses in the viromes of
";"Sequencher v. 5.0
";"Sanger dideoxy sequencing
";"         1..7316
";genomic RNA;NA;Nonhuman_Primate;China;2020;"17-JAN-2023
";Enterovirus A;"316
"
KJ418219.1;"KJ418219
";partial;"KJ418219.1
";"1  (bases 1 to 501)
";"Enterovirus A90
";"Mombo,I.M., Rougeron,V., Bleicker,T., Bruennink,S., Berthet,N.,
";"Diversity, evolution and host-switch of Enterovirus, in Gabon
";NA;"Sanger dideoxy sequencing
";"         1..501
";genomic RNA;NA;Nonhuman_Primate;Gabon;2009;"13-JAN-2016
";Enterovirus A;"501
"
MZ312497.1;"MZ312497
";partial;"MZ312497.1
";"1  (bases 1 to 6400)
";"enterovirus A122
";"Zhao,G., Droit,L., Gilbert,M.H., Schiro,F.R., Didier,P.J., Si,X.,
";"Virome biogeography in the lower gastrointestinal tract of rhesus
";NA;NA;"         1..6400
";genomic RNA;NOLA-5;Nonhuman_Primate;USA;2016;"22-JUN-2021
";Enterovirus A;"400
"
MZ312495.1;"MZ312495
";polyprotein;"MZ312495.1
";"1  (bases 1 to 7232)
";"enterovirus A122
";"Zhao,G., Droit,L., Gilbert,M.H., Schiro,F.R., Didier,P.J., Si,X.,
";"Virome biogeography in the lower gastrointestinal tract of rhesus
";NA;NA;"         1..7232
";genomic RNA;NOLA-2;Nonhuman_Primate;USA;2016;"22-JUN-2021
";Enterovirus A;"232
"
MZ312493.1;"MZ312493
";polyprotein;"MZ312493.1
";"1  (bases 1 to 6907)
";"enterovirus A122
";"Zhao,G., Droit,L., Gilbert,M.H., Schiro,F.R., Didier,P.J., Si,X.,
";"Virome biogeography in the lower gastrointestinal tract of rhesus
";NA;NA;"         1..6907
";genomic RNA;NOLA-4;Nonhuman_Primate;USA;2016;"22-JUN-2021
";Enterovirus A;"907
"
KT961658.1;"KT961658
";polyprotein;"KT961658.1
";"1  (bases 1 to 7121)
";"enterovirus A124
";"Kapusinszky,B., Ardeshir,A., Mulvaney,U., Deng,X. and Delwart,E.L.
";"The complex fecal virome of captive rhesus macaques during acute
";"EnsembleAssembler v. 1.0.0
";"Illumina
";"         1..7121
";genomic RNA;NA;Nonhuman_Primate;USA;2014;"26-APR-2017
";Enterovirus A;"121
"
KT961655.1;"KT961655
";partial;"KT961655.1
";"1  (bases 1 to 6893)
";"enterovirus A124
";"Kapusinszky,B., Ardeshir,A., Mulvaney,U., Deng,X. and Delwart,E.L.
";"The complex fecal virome of captive rhesus macaques during acute
";"EnsembleAssembler v. 1.0.0
";"Illumina
";"         1..6893
";genomic RNA;NA;Nonhuman_Primate;USA;2014;"26-APR-2017
";Enterovirus A;"893
"
KT961654.1;"KT961654
";partial;"KT961654.1
";"1  (bases 1 to 6966)
";"enterovirus A122
";"Kapusinszky,B., Ardeshir,A., Mulvaney,U., Deng,X. and Delwart,E.L.
";"The complex fecal virome of captive rhesus macaques during acute
";"EnsembleAssembler v. 1.0.0
";"Illumina
";"         1..6966
";genomic RNA;NA;Nonhuman_Primate;USA;2014;"26-APR-2017
";Enterovirus A;"966
"
KT961653.1;"KT961653
";partial;"KT961653.1
";"1  (bases 1 to 6439)
";"enterovirus A122
";"Kapusinszky,B., Ardeshir,A., Mulvaney,U., Deng,X. and Delwart,E.L.
";"The complex fecal virome of captive rhesus macaques during acute
";"EnsembleAssembler v. 1.0.0
";"Illumina
";"         1..6439
";genomic RNA;NA;Nonhuman_Primate;USA;2014;"26-APR-2017
";Enterovirus A;"439
"
KT961649.1;"KT961649
";partial;"KT961649.1
";"1  (bases 1 to 3257)
";"enterovirus A124
";"Kapusinszky,B., Ardeshir,A., Mulvaney,U., Deng,X. and Delwart,E.L.
";"The complex fecal virome of captive rhesus macaques during acute
";"EnsembleAssembler v. 1.0.0
";"Illumina
";"         1..3257
";genomic RNA;NA;Nonhuman_Primate;USA;2014;"26-APR-2017
";Enterovirus A;"257
"
KT961648.1;"KT961648
";partial;"KT961648.1
";"1  (bases 1 to 2953)
";"enterovirus A122
";"Kapusinszky,B., Ardeshir,A., Mulvaney,U., Deng,X. and Delwart,E.L.
";"The complex fecal virome of captive rhesus macaques during acute
";"EnsembleAssembler v. 1.0.0
";"Illumina
";"         1..2953
";genomic RNA;NA;Nonhuman_Primate;USA;2014;"26-APR-2017
";Enterovirus A;"953
"
KT961647.1;"KT961647
";partial;"KT961647.1
";"1  (bases 1 to 2319)
";"enterovirus A122
";"Kapusinszky,B., Ardeshir,A., Mulvaney,U., Deng,X. and Delwart,E.L.
";"The complex fecal virome of captive rhesus macaques during acute
";"EnsembleAssembler v. 1.0.0
";"Illumina
";"         1..2319
";genomic RNA;NA;Nonhuman_Primate;USA;2014;"26-APR-2017
";Enterovirus A;"319
"
KT961645.1;"KT961645
";partial;"KT961645.1
";"1  (bases 1 to 922)
";"enterovirus A122
";"Kapusinszky,B., Ardeshir,A., Mulvaney,U., Deng,X. and Delwart,E.L.
";"The complex fecal virome of captive rhesus macaques during acute
";"EnsembleAssembler v. 1.0.0
";"Illumina
";"         1..922
";genomic RNA;NA;Nonhuman_Primate;USA;2014;"26-APR-2017
";Enterovirus A;"922
"
KT961644.1;"KT961644
";partial;"KT961644.1
";"1  (bases 1 to 583)
";"enterovirus A122
";"Kapusinszky,B., Ardeshir,A., Mulvaney,U., Deng,X. and Delwart,E.L.
";"The complex fecal virome of captive rhesus macaques during acute
";"EnsembleAssembler v. 1.0.0
";"Illumina
";"         1..583
";genomic RNA;NA;Nonhuman_Primate;USA;2014;"26-APR-2017
";Enterovirus A;"583
"
KT961643.1;"KT961643
";partial;"KT961643.1
";"1  (bases 1 to 1375)
";"enterovirus A124
";"Kapusinszky,B., Ardeshir,A., Mulvaney,U., Deng,X. and Delwart,E.L.
";"The complex fecal virome of captive rhesus macaques during acute
";"EnsembleAssembler v. 1.0.0
";"Illumina
";"         1..1375
";genomic RNA;NA;Nonhuman_Primate;USA;2014;"26-APR-2017
";Enterovirus A;"375
"
KT961640.1;"KT961640
";partial;"KT961640.1
";"1  (bases 1 to 1127)
";"enterovirus A122
";"Kapusinszky,B., Ardeshir,A., Mulvaney,U., Deng,X. and Delwart,E.L.
";"The complex fecal virome of captive rhesus macaques during acute
";"EnsembleAssembler v. 1.0.0
";"Illumina
";"         1..1127
";genomic RNA;NA;Nonhuman_Primate;USA;2014;"26-APR-2017
";Enterovirus A;"127
"
JX538150.1;"JX538150
";VP1;"JX538150.1
";"1  (bases 1 to 249)
";"Enterovirus A76
";"Oberste,M.S., Feeroz,M.M., Maher,K., Nix,W.A., Engel,G.A.,
";"Characterizing the Picornavirus Landscape among Synanthropic
";NA;NA;"         1..249
";genomic RNA;BAN/2008/717930;Nonhuman_Primate;Bangladesh;2008;"14-DEC-2012
";Enterovirus A;"249
"
JX538149.1;"JX538149
";VP1;"JX538149.1
";"1  (bases 1 to 255)
";"Enterovirus A76
";"Oberste,M.S., Feeroz,M.M., Maher,K., Nix,W.A., Engel,G.A.,
";"Characterizing the Picornavirus Landscape among Synanthropic
";NA;NA;"         1..255
";genomic RNA;BAN/2008/717929;Nonhuman_Primate;Bangladesh;2008;"14-DEC-2012
";Enterovirus A;"255
"
JX538033.1;"JX538033
";VP1;"JX538033.1
";"1  (bases 1 to 291)
";"Enterovirus A90
";"Oberste,M.S., Feeroz,M.M., Maher,K., Nix,W.A., Engel,G.A.,
";"Characterizing the Picornavirus Landscape among Synanthropic
";NA;NA;"         1..291
";genomic RNA;BAN/2007/706542;Nonhuman_Primate;Bangladesh;2007;"14-DEC-2012
";Enterovirus A;"291
"
JX538018.1;"JX538018
";VP1;"JX538018.1
";"1  (bases 1 to 270)
";"enterovirus A122
";"Oberste,M.S., Feeroz,M.M., Maher,K., Nix,W.A., Engel,G.A.,
";"Naturally Acquired Picornavirus Infections in Primates at the Dhaka
";NA;NA;"         1..270
";genomic RNA;BAN/2008/711220;Nonhuman_Primate;Bangladesh;2008;"14-DEC-2012
";Enterovirus A;"270
"
JX538017.1;"JX538017
";VP1;"JX538017.1
";"1  (bases 1 to 297)
";"enterovirus A122
";"Oberste,M.S., Feeroz,M.M., Maher,K., Nix,W.A., Engel,G.A.,
";"Naturally Acquired Picornavirus Infections in Primates at the Dhaka
";NA;NA;"         1..297
";genomic RNA;BAN/2008/711191;Nonhuman_Primate;Bangladesh;2008;"14-DEC-2012
";Enterovirus A;"297
"
JX538016.1;"JX538016
";VP1;"JX538016.1
";"1  (bases 1 to 297)
";"enterovirus A122
";"Oberste,M.S., Feeroz,M.M., Maher,K., Nix,W.A., Engel,G.A.,
";"Naturally Acquired Picornavirus Infections in Primates at the Dhaka
";NA;NA;"         1..297
";genomic RNA;BAN/2008/717898;Nonhuman_Primate;Bangladesh;2008;"14-DEC-2012
";Enterovirus A;"297
"
JX538015.1;"JX538015
";VP1;"JX538015.1
";"1  (bases 1 to 300)
";"enterovirus A122
";"Oberste,M.S., Feeroz,M.M., Maher,K., Nix,W.A., Engel,G.A.,
";"Naturally Acquired Picornavirus Infections in Primates at the Dhaka
";NA;NA;"         1..300
";genomic RNA;BAN/2008/711209;Nonhuman_Primate;Bangladesh;2008;"14-DEC-2012
";Enterovirus A;"300
"
JX538014.1;"JX538014
";VP1;"JX538014.1
";"1  (bases 1 to 297)
";"enterovirus A122
";"Oberste,M.S., Feeroz,M.M., Maher,K., Nix,W.A., Engel,G.A.,
";"Naturally Acquired Picornavirus Infections in Primates at the Dhaka
";NA;NA;"         1..297
";genomic RNA;BAN/2008/717896;Nonhuman_Primate;Bangladesh;2008;"14-DEC-2012
";Enterovirus A;"297
"
JX538013.1;"JX538013
";VP1;"JX538013.1
";"1  (bases 1 to 297)
";"enterovirus A122
";"Oberste,M.S., Feeroz,M.M., Maher,K., Nix,W.A., Engel,G.A.,
";"Naturally Acquired Picornavirus Infections in Primates at the Dhaka
";NA;NA;"         1..297
";genomic RNA;BAN/2008/717894;Nonhuman_Primate;Bangladesh;2008;"14-DEC-2012
";Enterovirus A;"297
"
JX538012.1;"JX538012
";VP1;"JX538012.1
";"1  (bases 1 to 276)
";"enterovirus A122
";"Oberste,M.S., Feeroz,M.M., Maher,K., Nix,W.A., Engel,G.A.,
";"Naturally Acquired Picornavirus Infections in Primates at the Dhaka
";NA;NA;"         1..276
";genomic RNA;BAN/2008/711225;Nonhuman_Primate;Bangladesh;2008;"14-DEC-2012
";Enterovirus A;"276
"
JX538011.1;"JX538011
";VP1;"JX538011.1
";"1  (bases 1 to 297)
";"enterovirus A122
";"Oberste,M.S., Feeroz,M.M., Maher,K., Nix,W.A., Engel,G.A.,
";"Naturally Acquired Picornavirus Infections in Primates at the Dhaka
";NA;NA;"         1..297
";genomic RNA;BAN/2008/717893;Nonhuman_Primate;Bangladesh;2008;"14-DEC-2012
";Enterovirus A;"297
"
JX538010.1;"JX538010
";VP1;"JX538010.1
";"1  (bases 1 to 297)
";"enterovirus A122
";"Oberste,M.S., Feeroz,M.M., Maher,K., Nix,W.A., Engel,G.A.,
";"Naturally Acquired Picornavirus Infections in Primates at the Dhaka
";NA;NA;"         1..297
";genomic RNA;BAN/2008/711226;Nonhuman_Primate;Bangladesh;2008;"14-DEC-2012
";Enterovirus A;"297
"
JX538009.1;"JX538009
";VP1;"JX538009.1
";"1  (bases 1 to 258)
";"enterovirus A122
";"Oberste,M.S., Feeroz,M.M., Maher,K., Nix,W.A., Engel,G.A.,
";"Naturally Acquired Picornavirus Infections in Primates at the Dhaka
";NA;NA;"         1..258
";genomic RNA;BAN/2008/708997B;Nonhuman_Primate;Bangladesh;2008;"14-DEC-2012
";Enterovirus A;"258
"
KJ701248.1;"KJ701248
";polyprotein;"KJ701248.1
";"1  (bases 1 to 6974)
";"Enterovirus B107
";"Mombo,I.M., Rougeron,V., Bleicker,T., Bruennink,S., Berthet,N.,
";"Diversity and host-switch of Enterovirus in Gabon
";NA;"Sanger dideoxy sequencing
";"         1..6974
";genomic RNA;NA;Nonhuman_Primate;Gabon;2010;"19-FEB-2016
";Enterovirus B;"974
"
KJ418242.1;"KJ418242
";VP1;"KJ418242.1
";"1  (bases 1 to 322)
";"Enterovirus B107
";"Mombo,I.M., Rougeron,V., Bleicker,T., Bruennick,S. and Berthet,N.
";"Diversity, evolution and host-switch of Enterovirus, in Gabon
";NA;"Sanger dideoxy sequencing
";"         1..322
";genomic RNA;NA;Nonhuman_Primate;Gabon;2010;"13-JAN-2016
";Enterovirus B;"322
"
JX538140.1;"JX538140
";VP1;"JX538140.1
";"1  (bases 1 to 297)
";"Enterovirus B74
";"Oberste,M.S., Feeroz,M.M., Maher,K., Nix,W.A., Engel,G.A.,
";"Characterizing the Picornavirus Landscape among Synanthropic
";NA;NA;"         1..297
";genomic RNA;BAN/2008/711054;Nonhuman_Primate;Bangladesh;2008;"14-DEC-2012
";Enterovirus B;"297
"
JX538135.1;"JX538135
";VP1;"JX538135.1
";"1  (bases 1 to 294)
";"Enterovirus B75
";"Oberste,M.S., Feeroz,M.M., Maher,K., Nix,W.A., Engel,G.A.,
";"Characterizing the Picornavirus Landscape among Synanthropic
";NA;NA;"         1..294
";genomic RNA;BAN/2008/710970;Nonhuman_Primate;Bangladesh;2008;"14-DEC-2012
";Enterovirus B;"294
"
JX538035.1;"JX538035
";VP1;"JX538035.1
";"1  (bases 1 to 294)
";"Enterovirus B75
";"Oberste,M.S., Feeroz,M.M., Maher,K., Nix,W.A., Engel,G.A.,
";"Characterizing the Picornavirus Landscape among Synanthropic
";NA;NA;"         1..294
";genomic RNA;BAN/2007/706554;Nonhuman_Primate;Bangladesh;2007;"14-DEC-2012
";Enterovirus B;"294
"
JX538034.1;"JX538034
";VP1;"JX538034.1
";"1  (bases 1 to 294)
";"Enterovirus B97
";"Oberste,M.S., Feeroz,M.M., Maher,K., Nix,W.A., Engel,G.A.,
";"Characterizing the Picornavirus Landscape among Synanthropic
";NA;NA;"         1..294
";genomic RNA;BAN/2007/706545;Nonhuman_Primate;Bangladesh;2007;"14-DEC-2012
";Enterovirus B;"294
"
KJ701249.1;"KJ701249
";partial;"KJ701249.1
";"1  (bases 1 to 6224)
";"enterovirus B113
";"Mombo,I.M., Rougeron,V., Bleicker,T., Bruennink,S., Berthet,N.,
";"Diversity and host-switch of Enterovirus in Gabon
";NA;"Sanger dideoxy sequencing
";"         1..6224
";genomic RNA;NA;Nonhuman_Primate;Gabon;2010;"26-AUG-2020
";Enterovirus B;"224
"
KJ418244.1;"KJ418244
";partial;"KJ418244.1
";"1  (bases 1 to 6545)
";"enterovirus B112
";"Mombo,I.M., Rougeron,V., Bleicker,T., Bruennink,S., Berthet,N.,
";"Diversity, evolution and host-switch of Enterovirus, in Gabon
";"ABYSS v. 1.3.3
";"Illumina
";"         1..6545
";genomic RNA;NA;Nonhuman_Primate;Gabon;2009;"26-AUG-2020
";Enterovirus B;"545
"
JF416937.1;"JF416937
";partial;"JF416937.1
";"1  (bases 1 to 547)
";"enterovirus B110
";"Harvala,H., Sharp,C.P., Ngole,E.M., Delaporte,E., Peeters,M. and
";"Detection and Genetic Characterization of Enteroviruses Circulating
";NA;NA;"         1..547
";genomic RNA;NA;Nonhuman_Primate;Cameroon;2006;"15-OCT-2021
";Enterovirus B;"547
"
JF416928.1;"JF416928
";"Enterovirus B110 isolate LM1861 5' UTR.
";"JF416928.1
";"1  (bases 1 to 430)
";"enterovirus B110
";"Harvala,H., Sharp,C.P., Ngole,E.M., Delaporte,E., Peeters,M. and
";"Detection and Genetic Characterization of Enteroviruses Circulating
";NA;NA;"         1..430
";genomic RNA;NA;Nonhuman_Primate;Cameroon;2006;"15-OCT-2021
";Enterovirus B;"430
"
JF416934.1;"JF416934
";partial;"JF416934.1
";"1  (bases 1 to 976)
";"enterovirus B110
";"Harvala,H., Sharp,C.P., Ngole,E.M., Delaporte,E., Peeters,M. and
";"Detection and Genetic Characterization of Enteroviruses Circulating
";NA;NA;"         1..976
";genomic RNA;NA;Nonhuman_Primate;Cameroon;2006;"15-OCT-2021
";Enterovirus B;"976
"
JF416931.1;"JF416931
";partial;"JF416931.1
";"1  (bases 1 to 404)
";"enterovirus B110
";"Harvala,H., Sharp,C.P., Ngole,E.M., Delaporte,E., Peeters,M. and
";"Detection and Genetic Characterization of Enteroviruses Circulating
";NA;NA;"         1..404
";genomic RNA;NA;Nonhuman_Primate;Cameroon;2006;"15-OCT-2021
";Enterovirus B;"404
"
KF541625.1;"KF541625
";partial;"KF541625.1
";"1  (bases 1 to 321)
";"Enterovirus B82
";"Sadeuh-Mba,S.A., Bessaud,M., Joffret,M.L., Endegue Zanga,M.C.,
";"Characterization of Enteroviruses from Non-Human Primates in
";"CLC Main Workbench v. 5.7.2
";"Sanger dideoxy sequencing
";"         1..321
";genomic RNA;NA;Nonhuman_Primate;Cameroon;2008;"10-AUG-2014
";Enterovirus B;"321
"
MN657230.1;"MN657230
";complete genome;"MN657230.1
";"1  (bases 1 to 7401)
";"Echovirus E11
";"Faleye,T.O.C., George,U.E., Klapsa,D., Majumdar,M., Oragwa,A.O.,
";"Isolation and Genomic Characterization of Echovirus 11 from faeces
";"Genious v. R10
";"Illumina
";"         1..7401
";genomic RNA;NGR_2016;Nonhuman_Primate;Nigeria;2016;"26-JAN-2020
";Enterovirus B;"401
"
KF648615.1;"KF648615
";"Echovirus E15 isolate GOR_Z097 RNA-dependent RNA polymerase gene,
";"KF648615.1
";"1  (bases 1 to 966)
";"Echovirus E15
";"Sadeuh-Mba,S.A., Bessaud,M., Joffret,M.L., Endegue Zanga,M.C.,
";"Characterization of Enteroviruses from Non-Human Primates in
";"CLC Main Workbench v. 6.9
";"Sanger dideoxy sequencing
";"         1..966
";genomic RNA;NA;Nonhuman_Primate;Cameroon;2008;"10-AUG-2014
";Enterovirus B;"966
"
KF648614.1;"KF648614
";"Echovirus E29 isolate MDR_Z088 RNA-dependent RNA polymerase gene,
";"KF648614.1
";"1  (bases 1 to 966)
";"Echovirus E29
";"Sadeuh-Mba,S.A., Bessaud,M., Joffret,M.L., Endegue Zanga,M.C.,
";"Characterization of Enteroviruses from Non-Human Primates in
";"CLC Main Workbench v. 6.9
";"Sanger dideoxy sequencing
";"         1..966
";genomic RNA;NA;Nonhuman_Primate;Cameroon;2008;"10-AUG-2014
";Enterovirus B;"966
"
KF648612.1;"KF648612
";"Echovirus E29 isolate CPZ_Z055 RNA-dependent RNA polymerase gene,
";"KF648612.1
";"1  (bases 1 to 966)
";"Echovirus E29
";"Sadeuh-Mba,S.A., Bessaud,M., Joffret,M.L., Endegue Zanga,M.C.,
";"Characterization of Enteroviruses from Non-Human Primates in
";"CLC Main Workbench v. 6.9
";"Sanger dideoxy sequencing
";"         1..966
";genomic RNA;NA;Nonhuman_Primate;Cameroon;2008;"10-AUG-2014
";Enterovirus B;"966
"
KF614507.1;"KF614507
";"Echovirus E15 isolate CPZ_Z110 5' UTR.
";"KF614507.1
";"1  (bases 1 to 352)
";"Echovirus E15
";"Sadeuh-Mba,S.A., Bessaud,M., Joffret,M.L., Endegue Zanga,M.C.,
";"Characterization of Enteroviruses from Non-Human Primates in
";"CLC Main Workbench v. 6.9
";"Sanger dideoxy sequencing
";"         1..352
";genomic RNA;NA;Nonhuman_Primate;Cameroon;2008;"10-AUG-2014
";Enterovirus B;"352
"
KF614486.1;"KF614486
";"Echovirus E15 isolate GOR_Z097 5' UTR.
";"KF614486.1
";"1  (bases 1 to 395)
";"Echovirus E15
";"Sadeuh-Mba,S.A., Bessaud,M., Joffret,M.L., Endegue Zanga,M.C.,
";"Characterization of Enteroviruses from Non-Human Primates in
";"CLC Main Workbench v. 6.9
";"Sanger dideoxy sequencing
";"         1..395
";genomic RNA;NA;Nonhuman_Primate;Cameroon;2008;"10-AUG-2014
";Enterovirus B;"395
"
KF614485.1;"KF614485
";"Echovirus E29 isolate MDR_Z088 5' UTR.
";"KF614485.1
";"1  (bases 1 to 395)
";"Echovirus E29
";"Sadeuh-Mba,S.A., Bessaud,M., Joffret,M.L., Endegue Zanga,M.C.,
";"Characterization of Enteroviruses from Non-Human Primates in
";"CLC Main Workbench v. 6.9
";"Sanger dideoxy sequencing
";"         1..395
";genomic RNA;NA;Nonhuman_Primate;Cameroon;2008;"10-AUG-2014
";Enterovirus B;"395
"
KF614483.1;"KF614483
";"Echovirus E29 isolate CPZ_Z055 5' UTR.
";"KF614483.1
";"1  (bases 1 to 395)
";"Echovirus E29
";"Sadeuh-Mba,S.A., Bessaud,M., Joffret,M.L., Endegue Zanga,M.C.,
";"Characterization of Enteroviruses from Non-Human Primates in
";"CLC Main Workbench v. 6.9
";"Sanger dideoxy sequencing
";"         1..395
";genomic RNA;NA;Nonhuman_Primate;Cameroon;2008;"10-AUG-2014
";Enterovirus B;"395
"
KF541644.1;"KF541644
";partial;"KF541644.1
";"1  (bases 1 to 1310)
";"Echovirus E29
";"Sadeuh-Mba,S.A., Bessaud,M., Joffret,M.L., Endegue Zanga,M.C.,
";"Characterization of Enteroviruses from Non-Human Primates in
";"CLC Main Workbench v. 5.7.2
";"Sanger dideoxy sequencing
";"         1..1310
";genomic RNA;NA;Nonhuman_Primate;Cameroon;2008;"10-AUG-2014
";Enterovirus B;"310
"
KF541642.1;"KF541642
";partial;"KF541642.1
";"1  (bases 1 to 1344)
";"Echovirus E29
";"Sadeuh-Mba,S.A., Bessaud,M., Joffret,M.L., Endegue Zanga,M.C.,
";"Characterization of Enteroviruses from Non-Human Primates in
";"CLC Main Workbench v. 5.7.2
";"Sanger dideoxy sequencing
";"         1..1344
";genomic RNA;NA;Nonhuman_Primate;Cameroon;2008;"10-AUG-2014
";Enterovirus B;"344
"
KF541641.1;"KF541641
";partial;"KF541641.1
";"1  (bases 1 to 1324)
";"Echovirus E15
";"Sadeuh-Mba,S.A., Bessaud,M., Joffret,M.L., Endegue Zanga,M.C.,
";"Characterization of Enteroviruses from Non-Human Primates in
";"CLC Main Workbench v. 5.7.2
";"Sanger dideoxy sequencing
";"         1..1324
";genomic RNA;NA;Nonhuman_Primate;Cameroon;2008;"10-AUG-2014
";Enterovirus B;"324
"
KF541626.1;"KF541626
";partial;"KF541626.1
";"1  (bases 1 to 327)
";"Echovirus E15
";"Sadeuh-Mba,S.A., Bessaud,M., Joffret,M.L., Endegue Zanga,M.C.,
";"Characterization of Enteroviruses from Non-Human Primates in
";"CLC Main Workbench v. 5.7.2
";"Sanger dideoxy sequencing
";"         1..327
";genomic RNA;NA;Nonhuman_Primate;Cameroon;2008;"10-AUG-2014
";Enterovirus B;"327
"
JX538155.1;"JX538155
";VP1;"JX538155.1
";"1  (bases 1 to 288)
";"Coxsackievirus B6
";"Oberste,M.S., Feeroz,M.M., Maher,K., Nix,W.A., Engel,G.A.,
";"Characterizing the Picornavirus Landscape among Synanthropic
";NA;NA;"         1..288
";genomic RNA;BAN/2008/718015;Nonhuman_Primate;Bangladesh;2008;"14-DEC-2012
";Enterovirus B;"288
"
JX538154.1;"JX538154
";VP1;"JX538154.1
";"1  (bases 1 to 288)
";"Coxsackievirus B6
";"Oberste,M.S., Feeroz,M.M., Maher,K., Nix,W.A., Engel,G.A.,
";"Characterizing the Picornavirus Landscape among Synanthropic
";NA;NA;"         1..288
";genomic RNA;BAN/2008/718014;Nonhuman_Primate;Bangladesh;2008;"14-DEC-2012
";Enterovirus B;"288
"
JX538153.1;"JX538153
";VP1;"JX538153.1
";"1  (bases 1 to 288)
";"Coxsackievirus B6
";"Oberste,M.S., Feeroz,M.M., Maher,K., Nix,W.A., Engel,G.A.,
";"Characterizing the Picornavirus Landscape among Synanthropic
";NA;NA;"         1..288
";genomic RNA;BAN/2008/718010;Nonhuman_Primate;Bangladesh;2008;"14-DEC-2012
";Enterovirus B;"288
"
JX538152.1;"JX538152
";VP1;"JX538152.1
";"1  (bases 1 to 288)
";"Coxsackievirus B6
";"Oberste,M.S., Feeroz,M.M., Maher,K., Nix,W.A., Engel,G.A.,
";"Characterizing the Picornavirus Landscape among Synanthropic
";NA;NA;"         1..288
";genomic RNA;BAN/2008/718007;Nonhuman_Primate;Bangladesh;2008;"14-DEC-2012
";Enterovirus B;"288
"
JX538151.1;"JX538151
";VP1;"JX538151.1
";"1  (bases 1 to 276)
";"Echovirus E33
";"Oberste,M.S., Feeroz,M.M., Maher,K., Nix,W.A., Engel,G.A.,
";"Characterizing the Picornavirus Landscape among Synanthropic
";NA;NA;"         1..276
";genomic RNA;BAN/2008/717943;Nonhuman_Primate;Bangladesh;2008;"14-DEC-2012
";Enterovirus B;"276
"
KP793035.1;"KP793035
";polyprotein;"KP793035.1
";"1  (bases 1 to 6662)
";"Enterovirus C99
";"Mombo,I.M., Berthet,N., Lukashev,A., Bleicker,T., Bruenink,S.,
";"First detection of an Enterovirus 99 in a captive chimpanzee, from
";"CAP3 v. V.1
";"Illumina
";"         1..6662
";genomic RNA;NA;Nonhuman_Primate;Republic of the Congo;2011;"29-JUL-2015
";Enterovirus C;"662
"
JX538145.1;"JX538145
";VP1;"JX538145.1
";"1  (bases 1 to 297)
";"Enterovirus C99
";"Oberste,M.S., Feeroz,M.M., Maher,K., Nix,W.A., Engel,G.A.,
";"Characterizing the Picornavirus Landscape among Synanthropic
";NA;NA;"         1..297
";genomic RNA;BAN/2008/711245;Nonhuman_Primate;Bangladesh;2008;"14-DEC-2012
";Enterovirus C;"297
"
MT569434.1;"MT569434
";polyprotein;"MT569434.1
";"1  (bases 1 to 6648)
";"Enterovirus C99
";"Mombo,I.M., Boundenga,L., Berthet,N., Atencia,R., Cox,D.,
";"Nearly complete genome sequence of an Enterovirus C-99 strain
";"CAP3 Assembly Program v. 2.0
";"Illumina
";"         1..6648
";genomic RNA;NA;Nonhuman_Primate;Republic of the Congo;2011;"09-AUG-2020
";Enterovirus C;"648
"
KF648611.1;"KF648611
";"Coxsackievirus A13 isolate CV-A13 Z036 RNA-dependent RNA polymerase
";"KF648611.1
";"1  (bases 1 to 963)
";"Coxsackievirus A13
";"Sadeuh-Mba,S.A., Bessaud,M., Joffret,M.L., Endegue Zanga,M.C.,
";"Characterization of Enteroviruses from Non-Human Primates in
";"CLC Main Workbench v. 6.9
";"Sanger dideoxy sequencing
";"         1..963
";genomic RNA;NA;Nonhuman_Primate;Cameroon;2008;"19-MAR-2024
";Enterovirus C;"963
"
KF648610.1;"KF648610
";"Coxsackievirus A13 isolate CV-A13 Z004 RNA-dependent RNA polymerase
";"KF648610.1
";"1  (bases 1 to 963)
";"Coxsackievirus A13
";"Sadeuh-Mba,S.A., Bessaud,M., Joffret,M.L., Endegue Zanga,M.C.,
";"Characterization of Enteroviruses from Non-Human Primates in
";"CLC Main Workbench v. 6.9
";"Sanger dideoxy sequencing
";"         1..963
";genomic RNA;NA;Nonhuman_Primate;Cameroon;2008;"19-MAR-2024
";Enterovirus C;"963
"
KF648608.1;"KF648608
";"Coxsackievirus A13 isolate CV-A13 Z108-1 RNA-dependent RNA
";"KF648608.1
";"1  (bases 1 to 956)
";"Coxsackievirus A13
";"Sadeuh-Mba,S.A., Bessaud,M., Joffret,M.L., Endegue Zanga,M.C.,
";"Characterization of Enteroviruses from Non-Human Primates in
";"CLC Main Workbench v. 6.9
";"Sanger dideoxy sequencing
";"         1..956
";genomic RNA;NA;Nonhuman_Primate;Cameroon;2008;"19-MAR-2024
";Enterovirus C;"956
"
KF614487.1;"KF614487
";"Coxsackievirus A13 isolate CV-A13 Z108-1 5' UTR.
";"KF614487.1
";"1  (bases 1 to 390)
";"Coxsackievirus A13
";"Sadeuh-Mba,S.A., Bessaud,M., Joffret,M.L., Endegue Zanga,M.C.,
";"Characterization of Enteroviruses from Non-Human Primates in
";"CLC Main Workbench v. 6.9
";"Sanger dideoxy sequencing
";"         1..390
";genomic RNA;NA;Nonhuman_Primate;Cameroon;2008;"19-MAR-2024
";Enterovirus C;"390
"
KF614482.1;"KF614482
";"Coxsackievirus A13 isolate CV-A13 Z036 5' UTR.
";"KF614482.1
";"1  (bases 1 to 397)
";"Coxsackievirus A13
";"Sadeuh-Mba,S.A., Bessaud,M., Joffret,M.L., Endegue Zanga,M.C.,
";"Characterization of Enteroviruses from Non-Human Primates in
";"CLC Main Workbench v. 6.9
";"Sanger dideoxy sequencing
";"         1..397
";genomic RNA;NA;Nonhuman_Primate;Cameroon;2008;"19-MAR-2024
";Enterovirus C;"397
"
KF614481.1;"KF614481
";"Coxsackievirus A13 isolate CV-A13 Z004 5' UTR.
";"KF614481.1
";"1  (bases 1 to 397)
";"Coxsackievirus A13
";"Sadeuh-Mba,S.A., Bessaud,M., Joffret,M.L., Endegue Zanga,M.C.,
";"Characterization of Enteroviruses from Non-Human Primates in
";"CLC Main Workbench v. 6.9
";"Sanger dideoxy sequencing
";"         1..397
";genomic RNA;NA;Nonhuman_Primate;Cameroon;2008;"19-MAR-2024
";Enterovirus C;"397
"
KF541647.1;"KF541647
";partial;"KF541647.1
";"1  (bases 1 to 1205)
";"Coxsackievirus A13
";"Sadeuh-Mba,S.A., Bessaud,M., Joffret,M.L., Endegue Zanga,M.C.,
";"Characterization of Enteroviruses from Non-Human Primates in
";"CLC Main Workbench v. 5.7.2
";"Sanger dideoxy sequencing
";"         1..1205
";genomic RNA;NA;Nonhuman_Primate;Cameroon;2008;"19-MAR-2024
";Enterovirus C;"205
"
KF541646.1;"KF541646
";partial;"KF541646.1
";"1  (bases 1 to 1202)
";"Coxsackievirus A13
";"Sadeuh-Mba,S.A., Bessaud,M., Joffret,M.L., Endegue Zanga,M.C.,
";"Characterization of Enteroviruses from Non-Human Primates in
";"CLC Main Workbench v. 5.7.2
";"Sanger dideoxy sequencing
";"         1..1202
";genomic RNA;NA;Nonhuman_Primate;Cameroon;2008;"19-MAR-2024
";Enterovirus C;"202
"
KF541645.1;"KF541645
";partial;"KF541645.1
";"1  (bases 1 to 1212)
";"Coxsackievirus A13
";"Sadeuh-Mba,S.A., Bessaud,M., Joffret,M.L., Endegue Zanga,M.C.,
";"Characterization of Enteroviruses from Non-Human Primates in
";"CLC Main Workbench v. 5.7.2
";"Sanger dideoxy sequencing
";"         1..1212
";genomic RNA;NA;Nonhuman_Primate;Cameroon;2008;"19-MAR-2024
";Enterovirus C;"212
"
KF648622.1;"KF648622
";"Coxsackievirus A13 isolate CPZ_Z035 RNA-dependent RNA polymerase
";"KF648622.1
";"1  (bases 1 to 963)
";"Coxsackievirus A13
";"Sadeuh-Mba,S.A., Bessaud,M., Joffret,M.L., Endegue Zanga,M.C.,
";"Characterization of Enteroviruses from Non-Human Primates in
";"CLC Main Workbench v. 6.9
";"Sanger dideoxy sequencing
";"         1..963
";genomic RNA;NA;Nonhuman_Primate;Cameroon;2008;"10-AUG-2014
";Enterovirus C;"963
"
KF648621.1;"KF648621
";"Coxsackievirus A13 isolate CPZ_Z034 RNA-dependent RNA polymerase
";"KF648621.1
";"1  (bases 1 to 390)
";"Coxsackievirus A13
";"Sadeuh-Mba,S.A., Bessaud,M., Joffret,M.L., Endegue Zanga,M.C.,
";"Characterization of Enteroviruses from Non-Human Primates in
";"CLC Main Workbench v. 6.9
";"Sanger dideoxy sequencing
";"         1..390
";genomic RNA;NA;Nonhuman_Primate;Cameroon;2008;"10-AUG-2014
";Enterovirus C;"390
"
KF648609.1;"KF648609
";"Coxsackievirus A24 isolate GOR_Z052 RNA-dependent RNA polymerase
";"KF648609.1
";"1  (bases 1 to 937)
";"Coxsackievirus A24
";"Sadeuh-Mba,S.A., Bessaud,M., Joffret,M.L., Endegue Zanga,M.C.,
";"Characterization of Enteroviruses from Non-Human Primates in
";"CLC Main Workbench v. 6.9
";"Sanger dideoxy sequencing
";"         1..937
";genomic RNA;NA;Nonhuman_Primate;Cameroon;2008;"10-AUG-2014
";Enterovirus C;"937
"
KF614502.1;"KF614502
";"Coxsackievirus A24 isolate GOR_Z052 5' UTR.
";"KF614502.1
";"1  (bases 1 to 392)
";"Coxsackievirus A24
";"Sadeuh-Mba,S.A., Bessaud,M., Joffret,M.L., Endegue Zanga,M.C.,
";"Characterization of Enteroviruses from Non-Human Primates in
";"CLC Main Workbench v. 6.9
";"Sanger dideoxy sequencing
";"         1..392
";genomic RNA;NA;Nonhuman_Primate;Cameroon;2008;"10-AUG-2014
";Enterovirus C;"392
"
KF614497.1;"KF614497
";"Coxsackievirus A13 isolate CPZ_Z035 5' UTR.
";"KF614497.1
";"1  (bases 1 to 353)
";"Coxsackievirus A13
";"Sadeuh-Mba,S.A., Bessaud,M., Joffret,M.L., Endegue Zanga,M.C.,
";"Characterization of Enteroviruses from Non-Human Primates in
";"CLC Main Workbench v. 6.9
";"Sanger dideoxy sequencing
";"         1..353
";genomic RNA;NA;Nonhuman_Primate;Cameroon;2008;"10-AUG-2014
";Enterovirus C;"353
"
KF614496.1;"KF614496
";"Coxsackievirus A13 isolate CPZ_Z034 5' UTR.
";"KF614496.1
";"1  (bases 1 to 353)
";"Coxsackievirus A13
";"Sadeuh-Mba,S.A., Bessaud,M., Joffret,M.L., Endegue Zanga,M.C.,
";"Characterization of Enteroviruses from Non-Human Primates in
";"CLC Main Workbench v. 6.9
";"Sanger dideoxy sequencing
";"         1..353
";genomic RNA;NA;Nonhuman_Primate;Cameroon;2008;"10-AUG-2014
";Enterovirus C;"353
"
KF614495.1;"KF614495
";"Coxsackievirus A13 isolate CPZ_Z033 5' UTR.
";"KF614495.1
";"1  (bases 1 to 353)
";"Coxsackievirus A13
";"Sadeuh-Mba,S.A., Bessaud,M., Joffret,M.L., Endegue Zanga,M.C.,
";"Characterization of Enteroviruses from Non-Human Primates in
";"CLC Main Workbench v. 6.9
";"Sanger dideoxy sequencing
";"         1..353
";genomic RNA;NA;Nonhuman_Primate;Cameroon;2008;"10-AUG-2014
";Enterovirus C;"353
"
KF541640.1;"KF541640
";partial;"KF541640.1
";"1  (bases 1 to 1198)
";"Coxsackievirus A24
";"Sadeuh-Mba,S.A., Bessaud,M., Joffret,M.L., Endegue Zanga,M.C.,
";"Characterization of Enteroviruses from Non-Human Primates in
";"CLC Main Workbench v. 5.7.2
";"Sanger dideoxy sequencing
";"         1..1198
";genomic RNA;NA;Nonhuman_Primate;Cameroon;2008;"10-AUG-2014
";Enterovirus C;"198
"
KF541629.1;"KF541629
";partial;"KF541629.1
";"1  (bases 1 to 338)
";"Coxsackievirus A13
";"Sadeuh-Mba,S.A., Bessaud,M., Joffret,M.L., Endegue Zanga,M.C.,
";"Characterization of Enteroviruses from Non-Human Primates in
";"CLC Main Workbench v. 5.7.2
";"Sanger dideoxy sequencing
";"         1..338
";genomic RNA;NA;Nonhuman_Primate;Cameroon;2008;"10-AUG-2014
";Enterovirus C;"338
"
KF541628.1;"KF541628
";partial;"KF541628.1
";"1  (bases 1 to 341)
";"Coxsackievirus A13
";"Sadeuh-Mba,S.A., Bessaud,M., Joffret,M.L., Endegue Zanga,M.C.,
";"Characterization of Enteroviruses from Non-Human Primates in
";"CLC Main Workbench v. 5.7.2
";"Sanger dideoxy sequencing
";"         1..341
";genomic RNA;NA;Nonhuman_Primate;Cameroon;2008;"10-AUG-2014
";Enterovirus C;"341
"
KF541627.1;"KF541627
";partial;"KF541627.1
";"1  (bases 1 to 341)
";"Coxsackievirus A13
";"Sadeuh-Mba,S.A., Bessaud,M., Joffret,M.L., Endegue Zanga,M.C.,
";"Characterization of Enteroviruses from Non-Human Primates in
";"CLC Main Workbench v. 5.7.2
";"Sanger dideoxy sequencing
";"         1..341
";genomic RNA;NA;Nonhuman_Primate;Cameroon;2008;"10-AUG-2014
";Enterovirus C;"341
"
JX538147.1;"JX538147
";VP1;"JX538147.1
";"1  (bases 1 to 294)
";"Coxsackievirus A19
";"Oberste,M.S., Feeroz,M.M., Maher,K., Nix,W.A., Engel,G.A.,
";"Characterizing the Picornavirus Landscape among Synanthropic
";NA;NA;"         1..294
";genomic RNA;BAN/2008/717820;Nonhuman_Primate;Bangladesh;2008;"14-DEC-2012
";Enterovirus C;"294
"
JX538146.1;"JX538146
";VP1;"JX538146.1
";"1  (bases 1 to 294)
";"Coxsackievirus A19
";"Oberste,M.S., Feeroz,M.M., Maher,K., Nix,W.A., Engel,G.A.,
";"Characterizing the Picornavirus Landscape among Synanthropic
";NA;NA;"         1..294
";genomic RNA;BAN/2008/717819;Nonhuman_Primate;Bangladesh;2008;"14-DEC-2012
";Enterovirus C;"294
"
JX538132.1;"JX538132
";VP1;"JX538132.1
";"1  (bases 1 to 297)
";"Coxsackievirus A24
";"Oberste,M.S., Feeroz,M.M., Maher,K., Nix,W.A., Engel,G.A.,
";"Characterizing the Picornavirus Landscape among Synanthropic
";NA;NA;"         1..297
";genomic RNA;BAN/2008/709041;Nonhuman_Primate;Bangladesh;2008;"14-DEC-2012
";Enterovirus C;"297
"
JX538128.1;"JX538128
";VP1;"JX538128.1
";"1  (bases 1 to 294)
";"Coxsackievirus A24
";"Oberste,M.S., Feeroz,M.M., Maher,K., Nix,W.A., Engel,G.A.,
";"Characterizing the Picornavirus Landscape among Synanthropic
";NA;NA;"         1..294
";genomic RNA;BAN/2008/709012;Nonhuman_Primate;Bangladesh;2008;"14-DEC-2012
";Enterovirus C;"294
"
JX538127.1;"JX538127
";VP1;"JX538127.1
";"1  (bases 1 to 297)
";"Coxsackievirus A24
";"Oberste,M.S., Feeroz,M.M., Maher,K., Nix,W.A., Engel,G.A.,
";"Characterizing the Picornavirus Landscape among Synanthropic
";NA;NA;"         1..297
";genomic RNA;BAN/2008/709011;Nonhuman_Primate;Bangladesh;2008;"14-DEC-2012
";Enterovirus C;"297
"
JX538032.1;"JX538032
";VP1;"JX538032.1
";"1  (bases 1 to 327)
";"Coxsackievirus A22
";"Oberste,M.S., Feeroz,M.M., Maher,K., Nix,W.A., Engel,G.A.,
";"Naturally Acquired Picornavirus Infections in Primates at the Dhaka
";NA;NA;"         1..327
";genomic RNA;BAN/2008/717914;Nonhuman_Primate;Bangladesh;2008;"14-DEC-2012
";Enterovirus C;"327
"
JX538030.1;"JX538030
";VP1;"JX538030.1
";"1  (bases 1 to 327)
";"Coxsackievirus A20
";"Oberste,M.S., Feeroz,M.M., Maher,K., Nix,W.A., Engel,G.A.,
";"Naturally Acquired Picornavirus Infections in Primates at the Dhaka
";NA;NA;"         1..327
";genomic RNA;BAN/2008/708997A;Nonhuman_Primate;Bangladesh;2008;"14-DEC-2012
";Enterovirus C;"327
"
JF416938.1;"JF416938
";partial;"JF416938.1
";"1  (bases 1 to 937)
";"enterovirus D111
";"Harvala,H., Sharp,C.P., Ngole,E.M., Delaporte,E., Peeters,M. and
";"Detection and Genetic Characterization of Enteroviruses Circulating
";NA;NA;"         1..937
";genomic RNA;NA;Nonhuman_Primate;Cameroon;2007;"15-OCT-2021
";Enterovirus D;"937
"
JF416929.1;"JF416929
";"Enterovirus D111 isolate KK2640 5' UTR.
";"JF416929.1
";"1  (bases 1 to 424)
";"enterovirus D111
";"Harvala,H., Sharp,C.P., Ngole,E.M., Delaporte,E., Peeters,M. and
";"Detection and Genetic Characterization of Enteroviruses Circulating
";NA;NA;"         1..424
";genomic RNA;NA;Nonhuman_Primate;Cameroon;2007;"15-OCT-2021
";Enterovirus D;"424
"
JF416935.1;"JF416935
";partial;"JF416935.1
";"1  (bases 1 to 1051)
";"enterovirus D111
";"Harvala,H., Sharp,C.P., Ngole,E.M., Delaporte,E., Peeters,M. and
";"Detection and Genetic Characterization of Enteroviruses Circulating
";NA;NA;"         1..1051
";genomic RNA;NA;Nonhuman_Primate;Cameroon;2007;"15-OCT-2021
";Enterovirus D;"051
"
JF416932.1;"JF416932
";partial;"JF416932.1
";"1  (bases 1 to 404)
";"enterovirus D111
";"Harvala,H., Sharp,C.P., Ngole,E.M., Delaporte,E., Peeters,M. and
";"Detection and Genetic Characterization of Enteroviruses Circulating
";NA;NA;"         1..404
";genomic RNA;NA;Nonhuman_Primate;Cameroon;2007;"15-OCT-2021
";Enterovirus D;"404
"
MN515037.1;"MN515037
";complete genome;"MN515037.1
";"1  (bases 1 to 7368)
";"Enterovirus A71
";"Leon,K.E., Schubert,R.D., Casas-Alba,D., Hawes,I.A.,
";"Genomic and serologic characterization of enterovirus A71 brainstem
";"Geneious v. 10.2.3
";"Illumina
";"         1..7368
";genomic RNA;16L;Homo_sapiens;Spain: Catalonia;2016;"24-MAR-2020
";Enterovirus A;"368
"
MT937062.1;"MT937062
";VP1;"MT937062.1
";"1  (bases 1 to 300)
";"Enterovirus A71
";"Sousa,I.P. Jr., Oliveira,M.L.A., Burlandy,F.M., Machado,R.S.,
";"Molecular characterization and epidemiological aspects of non-polio
";NA;"Sanger dideoxy sequencing
";"         1..300
";genomic RNA;NA;Homo_sapiens;Brazil;2016;"23-NOV-2020
";Enterovirus A;"300
"
MT937061.1;"MT937061
";VP1;"MT937061.1
";"1  (bases 1 to 300)
";"Enterovirus A71
";"Sousa,I.P. Jr., Oliveira,M.L.A., Burlandy,F.M., Machado,R.S.,
";"Molecular characterization and epidemiological aspects of non-polio
";NA;"Sanger dideoxy sequencing
";"         1..300
";genomic RNA;NA;Homo_sapiens;Brazil;2015;"23-NOV-2020
";Enterovirus A;"300
"
MT937060.1;"MT937060
";VP1;"MT937060.1
";"1  (bases 1 to 300)
";"Enterovirus A71
";"Sousa,I.P. Jr., Oliveira,M.L.A., Burlandy,F.M., Machado,R.S.,
";"Molecular characterization and epidemiological aspects of non-polio
";NA;"Sanger dideoxy sequencing
";"         1..300
";genomic RNA;NA;Homo_sapiens;Brazil;2015;"23-NOV-2020
";Enterovirus A;"300
"
MT937059.1;"MT937059
";VP1;"MT937059.1
";"1  (bases 1 to 300)
";"Enterovirus A71
";"Sousa,I.P. Jr., Oliveira,M.L.A., Burlandy,F.M., Machado,R.S.,
";"Molecular characterization and epidemiological aspects of non-polio
";NA;"Sanger dideoxy sequencing
";"         1..300
";genomic RNA;NA;Homo_sapiens;Brazil;2015;"23-NOV-2020
";Enterovirus A;"300
"
MT937058.1;"MT937058
";VP1;"MT937058.1
";"1  (bases 1 to 300)
";"Enterovirus A71
";"Sousa,I.P. Jr., Oliveira,M.L.A., Burlandy,F.M., Machado,R.S.,
";"Molecular characterization and epidemiological aspects of non-polio
";NA;"Sanger dideoxy sequencing
";"         1..300
";genomic RNA;NA;Homo_sapiens;Brazil;2014;"23-NOV-2020
";Enterovirus A;"300
"
MT937057.1;"MT937057
";VP1;"MT937057.1
";"1  (bases 1 to 300)
";"Enterovirus A71
";"Sousa,I.P. Jr., Oliveira,M.L.A., Burlandy,F.M., Machado,R.S.,
";"Molecular characterization and epidemiological aspects of non-polio
";NA;"Sanger dideoxy sequencing
";"         1..300
";genomic RNA;NA;Homo_sapiens;Brazil;2014;"23-NOV-2020
";Enterovirus A;"300
"
MT937056.1;"MT937056
";VP1;"MT937056.1
";"1  (bases 1 to 300)
";"Enterovirus A71
";"Sousa,I.P. Jr., Oliveira,M.L.A., Burlandy,F.M., Machado,R.S.,
";"Molecular characterization and epidemiological aspects of non-polio
";NA;"Sanger dideoxy sequencing
";"         1..300
";genomic RNA;NA;Homo_sapiens;Brazil;2014;"23-NOV-2020
";Enterovirus A;"300
"
MT937055.1;"MT937055
";VP1;"MT937055.1
";"1  (bases 1 to 300)
";"Enterovirus A71
";"Sousa,I.P. Jr., Oliveira,M.L.A., Burlandy,F.M., Machado,R.S.,
";"Molecular characterization and epidemiological aspects of non-polio
";NA;"Sanger dideoxy sequencing
";"         1..300
";genomic RNA;NA;Homo_sapiens;Brazil;2013;"23-NOV-2020
";Enterovirus A;"300
"
MT937054.1;"MT937054
";VP1;"MT937054.1
";"1  (bases 1 to 300)
";"Enterovirus A71
";"Sousa,I.P. Jr., Oliveira,M.L.A., Burlandy,F.M., Machado,R.S.,
";"Molecular characterization and epidemiological aspects of non-polio
";NA;"Sanger dideoxy sequencing
";"         1..300
";genomic RNA;NA;Homo_sapiens;Brazil;2013;"23-NOV-2020
";Enterovirus A;"300
"
MT937053.1;"MT937053
";VP1;"MT937053.1
";"1  (bases 1 to 300)
";"Enterovirus A71
";"Sousa,I.P. Jr., Oliveira,M.L.A., Burlandy,F.M., Machado,R.S.,
";"Molecular characterization and epidemiological aspects of non-polio
";NA;"Sanger dideoxy sequencing
";"         1..300
";genomic RNA;NA;Homo_sapiens;Brazil;2012;"23-NOV-2020
";Enterovirus A;"300
"
MT937052.1;"MT937052
";VP1;"MT937052.1
";"1  (bases 1 to 300)
";"Enterovirus A71
";"Sousa,I.P. Jr., Oliveira,M.L.A., Burlandy,F.M., Machado,R.S.,
";"Molecular characterization and epidemiological aspects of non-polio
";NA;"Sanger dideoxy sequencing
";"         1..300
";genomic RNA;NA;Homo_sapiens;Brazil;2012;"23-NOV-2020
";Enterovirus A;"300
"
MT937051.1;"MT937051
";VP1;"MT937051.1
";"1  (bases 1 to 300)
";"Enterovirus A71
";"Sousa,I.P. Jr., Oliveira,M.L.A., Burlandy,F.M., Machado,R.S.,
";"Molecular characterization and epidemiological aspects of non-polio
";NA;"Sanger dideoxy sequencing
";"         1..300
";genomic RNA;NA;Homo_sapiens;Brazil;2012;"23-NOV-2020
";Enterovirus A;"300
"
MT937050.1;"MT937050
";VP1;"MT937050.1
";"1  (bases 1 to 300)
";"Enterovirus A71
";"Sousa,I.P. Jr., Oliveira,M.L.A., Burlandy,F.M., Machado,R.S.,
";"Molecular characterization and epidemiological aspects of non-polio
";NA;"Sanger dideoxy sequencing
";"         1..300
";genomic RNA;NA;Homo_sapiens;Brazil;2012;"23-NOV-2020
";Enterovirus A;"300
"
MT937049.1;"MT937049
";VP1;"MT937049.1
";"1  (bases 1 to 300)
";"Enterovirus A71
";"Sousa,I.P. Jr., Oliveira,M.L.A., Burlandy,F.M., Machado,R.S.,
";"Molecular characterization and epidemiological aspects of non-polio
";NA;"Sanger dideoxy sequencing
";"         1..300
";genomic RNA;NA;Homo_sapiens;Brazil;2011;"23-NOV-2020
";Enterovirus A;"300
"
MT937048.1;"MT937048
";VP1;"MT937048.1
";"1  (bases 1 to 300)
";"Enterovirus A71
";"Sousa,I.P. Jr., Oliveira,M.L.A., Burlandy,F.M., Machado,R.S.,
";"Molecular characterization and epidemiological aspects of non-polio
";NA;"Sanger dideoxy sequencing
";"         1..300
";genomic RNA;NA;Homo_sapiens;Brazil;2010;"23-NOV-2020
";Enterovirus A;"300
"
MT937047.1;"MT937047
";VP1;"MT937047.1
";"1  (bases 1 to 300)
";"Enterovirus A71
";"Sousa,I.P. Jr., Oliveira,M.L.A., Burlandy,F.M., Machado,R.S.,
";"Molecular characterization and epidemiological aspects of non-polio
";NA;"Sanger dideoxy sequencing
";"         1..300
";genomic RNA;NA;Homo_sapiens;Brazil;2008;"23-NOV-2020
";Enterovirus A;"300
"
MT937046.1;"MT937046
";VP1;"MT937046.1
";"1  (bases 1 to 300)
";"Enterovirus A71
";"Sousa,I.P. Jr., Oliveira,M.L.A., Burlandy,F.M., Machado,R.S.,
";"Molecular characterization and epidemiological aspects of non-polio
";NA;"Sanger dideoxy sequencing
";"         1..300
";genomic RNA;NA;Homo_sapiens;Brazil;2007;"23-NOV-2020
";Enterovirus A;"300
"
MT937045.1;"MT937045
";VP1;"MT937045.1
";"1  (bases 1 to 300)
";"Enterovirus A71
";"Sousa,I.P. Jr., Oliveira,M.L.A., Burlandy,F.M., Machado,R.S.,
";"Molecular characterization and epidemiological aspects of non-polio
";NA;"Sanger dideoxy sequencing
";"         1..300
";genomic RNA;NA;Homo_sapiens;Brazil;2006;"23-NOV-2020
";Enterovirus A;"300
"
MT937044.1;"MT937044
";VP1;"MT937044.1
";"1  (bases 1 to 300)
";"Enterovirus A71
";"Sousa,I.P. Jr., Oliveira,M.L.A., Burlandy,F.M., Machado,R.S.,
";"Molecular characterization and epidemiological aspects of non-polio
";NA;"Sanger dideoxy sequencing
";"         1..300
";genomic RNA;NA;Homo_sapiens;Brazil;2005;"23-NOV-2020
";Enterovirus A;"300
"
MT937043.1;"MT937043
";VP1;"MT937043.1
";"1  (bases 1 to 300)
";"Enterovirus A71
";"Sousa,I.P. Jr., Oliveira,M.L.A., Burlandy,F.M., Machado,R.S.,
";"Molecular characterization and epidemiological aspects of non-polio
";NA;"Sanger dideoxy sequencing
";"         1..300
";genomic RNA;NA;Homo_sapiens;Brazil;2005;"23-NOV-2020
";Enterovirus A;"300
"
MG604327.1;"MG604327
";"Enterovirus A71 strain EVA71/Attiki.GR/10.16 capsid protein gene,
";"MG604327.1
";"1  (bases 1 to 311)
";"Enterovirus A71
";"Pogka,V. and Mentis,A.F.
";"Genetic characterization of Enterovirus A71 circulating in Greece
";NA;"Sanger dideoxy sequencing
";"         1..311
";genomic RNA;EVA71/Attiki.GR/10.16;Homo_sapiens;Greece;2016;"25-JUN-2018
";Enterovirus A;"311
"
MG604326.1;"MG604326
";"Enterovirus A71 strain EVA71/Irakleio.GR/10.16 capsid protein gene,
";"MG604326.1
";"1  (bases 1 to 311)
";"Enterovirus A71
";"Pogka,V. and Mentis,A.F.
";"Genetic characterization of Enterovirus A71 circulating in Greece
";NA;"Sanger dideoxy sequencing
";"         1..311
";genomic RNA;EVA71/Irakleio.GR/10.16;Homo_sapiens;Greece;2016;"25-JUN-2018
";Enterovirus A;"311
"
MG604325.1;"MG604325
";"Enterovirus A71 strain EVA71/Chania.GR/01.17 capsid protein gene,
";"MG604325.1
";"1  (bases 1 to 311)
";"Enterovirus A71
";"Pogka,V. and Mentis,A.F.
";"Genetic characterization of Enterovirus A71 circulating in Greece
";NA;"Sanger dideoxy sequencing
";"         1..311
";genomic RNA;EVA71/Chania.GR/01.17;Homo_sapiens;Greece;2017;"25-JUN-2018
";Enterovirus A;"311
"
MG604324.1;"MG604324
";"Enterovirus A71 strain EVA71/Rethymno.GR/12.16 capsid protein gene,
";"MG604324.1
";"1  (bases 1 to 311)
";"Enterovirus A71
";"Pogka,V. and Mentis,A.F.
";"Genetic characterization of Enterovirus A71 circulating in Greece
";NA;"Sanger dideoxy sequencing
";"         1..311
";genomic RNA;EVA71/Rethymno.GR/12.16;Homo_sapiens;Greece;2016;"25-JUN-2018
";Enterovirus A;"311
"
MG604323.1;"MG604323
";"Enterovirus A71 strain EVA71/Chania.GR/12.16/1 capsid protein gene,
";"MG604323.1
";"1  (bases 1 to 311)
";"Enterovirus A71
";"Pogka,V. and Mentis,A.F.
";"Genetic characterization of Enterovirus A71 circulating in Greece
";NA;"Sanger dideoxy sequencing
";"         1..311
";genomic RNA;EVA71/Chania.GR/12.16/1;Homo_sapiens;Greece;2016;"25-JUN-2018
";Enterovirus A;"311
"
MG604322.1;"MG604322
";"Enterovirus A71 strain EVA71/Chania.GR/12.16 capsid protein gene,
";"MG604322.1
";"1  (bases 1 to 311)
";"Enterovirus A71
";"Pogka,V. and Mentis,A.F.
";"Genetic characterization of Enterovirus A71 circulating in Greece
";NA;"Sanger dideoxy sequencing
";"         1..311
";genomic RNA;EVA71/Chania.GR/12.16;Homo_sapiens;Greece;2016;"25-JUN-2018
";Enterovirus A;"311
"
MG604321.1;"MG604321
";"Enterovirus A71 strain EVA71/Chania.GR/11.16/2 capsid protein gene,
";"MG604321.1
";"1  (bases 1 to 311)
";"Enterovirus A71
";"Pogka,V. and Mentis,A.F.
";"Genetic characterization of Enterovirus A71 circulating in Greece
";NA;"Sanger dideoxy sequencing
";"         1..311
";genomic RNA;EVA71/Chania.GR/11.16/2;Homo_sapiens;Greece;2016;"25-JUN-2018
";Enterovirus A;"311
"
MG604320.1;"MG604320
";"Enterovirus A71 strain EVA71/Chania.GR/11.16/1 capsid protein gene,
";"MG604320.1
";"1  (bases 1 to 311)
";"Enterovirus A71
";"Pogka,V. and Mentis,A.F.
";"Genetic characterization of Enterovirus A71 circulating in Greece
";NA;"Sanger dideoxy sequencing
";"         1..311
";genomic RNA;EVA71/Chania.GR/11.16/1;Homo_sapiens;Greece;2016;"25-JUN-2018
";Enterovirus A;"311
"
MG604319.1;"MG604319
";"Enterovirus A71 strain EVA71/Chania.GR/11.16 capsid protein gene,
";"MG604319.1
";"1  (bases 1 to 311)
";"Enterovirus A71
";"Pogka,V. and Mentis,A.F.
";"Genetic characterization of Enterovirus A71 circulating in Greece
";NA;"Sanger dideoxy sequencing
";"         1..311
";genomic RNA;EVA71/Chania.GR/11.16;Homo_sapiens;Greece;2016;"25-JUN-2018
";Enterovirus A;"311
"
MH614925.1;"MH614925
";complete genome;"MH614925.1
";"1  (bases 1 to 7463)
";"Enterovirus B80
";"Han,Z., Zhang,Y., Huang,K., Cui,H., Hong,M., Tang,H., Song,Y.,
";"Genetic characterization and molecular epidemiological analysis of
";"Sequencher v. 5.0
";"Sanger dideoxy sequencing
";"         1..7463
";genomic RNA;NA;Homo_sapiens;China;2010;"09-DEC-2018
";Enterovirus B;"463
"
MH614924.1;"MH614924
";complete genome;"MH614924.1
";"1  (bases 1 to 7464)
";"Enterovirus B80
";"Han,Z., Zhang,Y., Huang,K., Cui,H., Hong,M., Tang,H., Song,Y.,
";"Genetic characterization and molecular epidemiological analysis of
";"Sequencher v. 5.0
";"Sanger dideoxy sequencing
";"         1..7464
";genomic RNA;NA;Homo_sapiens;China;2011;"09-DEC-2018
";Enterovirus B;"464
"
MH614923.1;"MH614923
";complete genome;"MH614923.1
";"1  (bases 1 to 7464)
";"Enterovirus B80
";"Han,Z., Zhang,Y., Huang,K., Cui,H., Hong,M., Tang,H., Song,Y.,
";"Genetic characterization and molecular epidemiological analysis of
";"Sequencher v. 5.0
";"Sanger dideoxy sequencing
";"         1..7464
";genomic RNA;NA;Homo_sapiens;China;2011;"09-DEC-2018
";Enterovirus B;"464
"
MH614922.1;"MH614922
";complete genome;"MH614922.1
";"1  (bases 1 to 7464)
";"Enterovirus B80
";"Han,Z., Zhang,Y., Huang,K., Cui,H., Hong,M., Tang,H., Song,Y.,
";"Genetic characterization and molecular epidemiological analysis of
";"Sequencher v. 5.0
";"Sanger dideoxy sequencing
";"         1..7464
";genomic RNA;NA;Homo_sapiens;China;2011;"09-DEC-2018
";Enterovirus B;"464
"
KJ755190.1;"KJ755190
";complete genome;"KJ755190.1
";"1  (bases 1 to 7417)
";"Enterovirus B81
";"Hu,L., Zhang,Y., Hong,M., Zhu,S., Yan,D., Wang,D., Li,X., Zhu,Z.,
";"Phylogenetic evidence for multiple intertypic recombinations in
";"Sequencher v. 5.0
";"Sanger dideoxy sequencing
";"         1..7417
";genomic RNA;NA;Homo_sapiens;China;1999;"21-AUG-2014
";Enterovirus B;"417
"
KJ755189.1;"KJ755189
";complete genome;"KJ755189.1
";"1  (bases 1 to 7417)
";"Enterovirus B81
";"Hu,L., Zhang,Y., Hong,M., Zhu,S., Yan,D., Wang,D., Li,X., Zhu,Z.,
";"Phylogenetic evidence for multiple intertypic recombinations in
";"Sequencher v. 5.0
";"Sanger dideoxy sequencing
";"         1..7417
";genomic RNA;NA;Homo_sapiens;China;1999;"21-AUG-2014
";Enterovirus B;"417
"
JX644073.1;"JX644073
";complete genome;"JX644073.1
";"1  (bases 1 to 7464)
";"Enterovirus B80
";"Tao,Z., Cui,N., Liu,G., Chen,P., Xu,A., Song,L., Ji,F., Wang,H. and
";"Complete genome sequence of an enterovirus 80 strain isolated in
";"BioEdit v. 7.0.1.3
";"Sanger dideoxy sequencing
";"         1..7464
";genomic RNA;NA;Homo_sapiens;China;2004;"11-NOV-2012
";Enterovirus B;"464
"
OK585082.1;"OK585082
";VP1;"OK585082.1
";"1  (bases 1 to 186)
";"Enterovirus B100
";"Mirand,A.
";"Direct Submission
";NA;"Sanger dideoxy sequencing
";"         1..186
";genomic RNA;EVB100-190049095701-MAY-2019;Homo_sapiens;Mayotte;2019;"05-NOV-2022
";Enterovirus B;"186
"
OK585081.1;"OK585081
";VP1;"OK585081.1
";"1  (bases 1 to 276)
";"Enterovirus B100
";"Mirand,A.
";"Direct Submission
";NA;"Sanger dideoxy sequencing
";"         1..276
";genomic RNA;EVB100-190049099101-MAY-2019;Homo_sapiens;Mayotte;2019;"05-NOV-2022
";Enterovirus B;"276
"
KC787122.1;"KC787122
";partial;"KC787122.1
";"1  (bases 1 to 635)
";"Enterovirus B81
";"Ayukekbong,J., Kabayiza,J.C., Lindh,M., Nkuo-Akenji,T., Tah,F.,
";"Shift of Enterovirus species among children in Cameroon -
";NA;"Sanger dideoxy sequencing
";"         1..635
";genomic RNA;NA;Homo_sapiens;Cameroon;2011;"30-SEP-2013
";Enterovirus B;"635
"
JQ740145.1;"JQ740145
";"Human enterovirus 75 strain Deep639/EV75-E305-2010/India capsid
";"JQ740145.1
";"1  (bases 1 to 337)
";"Enterovirus B75
";"Kumar,A., Shukla,D., Kumar,R., Idris,M.Z., Misra,U.K. and
";"Molecular epidemiological study of enteroviruses associated with
";"Bioedit v. 7
";"Sanger dideoxy sequencing
";"         1..337
";genomic RNA;Deep639/EV75-E305-2010/India;Homo_sapiens;India;2010;"01-NOV-2012
";Enterovirus B;"337
"
JQ740144.1;"JQ740144
";"Human enterovirus 75 strain Deep629/EV75-E288-2010/India capsid
";"JQ740144.1
";"1  (bases 1 to 342)
";"Enterovirus B75
";"Kumar,A., Shukla,D., Kumar,R., Idris,M.Z., Misra,U.K. and
";"Molecular epidemiological study of enteroviruses associated with
";"Bioedit v. 7
";"Sanger dideoxy sequencing
";"         1..342
";genomic RNA;Deep629/EV75-E288-2010/India;Homo_sapiens;India;2010;"01-NOV-2012
";Enterovirus B;"342
"
JQ740143.1;"JQ740143
";"Human enterovirus 75 strain Deep611/EV75-E183-2010/India capsid
";"JQ740143.1
";"1  (bases 1 to 344)
";"Enterovirus B75
";"Kumar,A., Shukla,D., Kumar,R., Idris,M.Z., Misra,U.K. and
";"Molecular epidemiological study of enteroviruses associated with
";"Bioedit v. 7
";"Sanger dideoxy sequencing
";"         1..344
";genomic RNA;Deep611/EV75-E183-2010/India;Homo_sapiens;India;2010;"01-NOV-2012
";Enterovirus B;"344
"
JQ740142.1;"JQ740142
";"Human enterovirus 75 strain Deep558/EV75-E163-2009/India capsid
";"JQ740142.1
";"1  (bases 1 to 305)
";"Enterovirus B75
";"Kumar,A., Shukla,D., Kumar,R., Idris,M.Z., Misra,U.K. and
";"Molecular epidemiological study of enteroviruses associated with
";"Bioedit v. 7
";"Sanger dideoxy sequencing
";"         1..305
";genomic RNA;Deep558/EV75-E163-2009/India;Homo_sapiens;India;2009;"01-NOV-2012
";Enterovirus B;"305
"
JQ740141.1;"JQ740141
";"Human enterovirus 75 strain Deep494/EV75-E129-2009/India capsid
";"JQ740141.1
";"1  (bases 1 to 265)
";"Enterovirus B75
";"Kumar,A., Shukla,D., Kumar,R., Idris,M.Z., Misra,U.K. and
";"Molecular epidemiological study of enteroviruses associated with
";"Bioedit v. 7
";"Sanger dideoxy sequencing
";"         1..265
";genomic RNA;Deep494/EV75-E129-2009/India;Homo_sapiens;India;2009;"01-NOV-2012
";Enterovirus B;"265
"
MH144598.1;"MH144598
";complete genome;"MH144598.1
";"1  (bases 1 to 7375)
";"enterovirus B79
";"Yadav,P.D.
";"Characterization of Non-Polio Enterovirus using NGS method
";"CLC Genomic Workbench v. 10.1.1
";"Illumina
";"         1..7375
";genomic RNA;17-2255-1_E79;Homo_sapiens;India: Nawada district, Bihar State;2017;"01-APR-2019
";Enterovirus B;"375
"
KJ632644.1;"KJ632644
";VP1;"KJ632644.1
";"1  (bases 1 to 312)
";"Enterovirus B107
";"Maan,H.S., Dhole,T.N. and Chowdhary,R.
";"Identification and characterization of nonpolio enterovirus
";"Bioedit v. 7
";"Sanger dideoxy sequencing
";"         1..312
";genomic RNA;NA;Homo_sapiens;India;2011;"11-FEB-2019
";Enterovirus B;"312
"
KJ632643.1;"KJ632643
";VP1;"KJ632643.1
";"1  (bases 1 to 323)
";"Enterovirus B101
";"Maan,H.S., Dhole,T.N. and Chowdhary,R.
";"Identification and characterization of nonpolio enterovirus
";"Bioedit v. 7
";"Sanger dideoxy sequencing
";"         1..323
";genomic RNA;NA;Homo_sapiens;India;2011;"11-FEB-2019
";Enterovirus B;"323
"
KJ632642.1;"KJ632642
";VP1;"KJ632642.1
";"1  (bases 1 to 317)
";"Enterovirus B101
";"Maan,H.S., Dhole,T.N. and Chowdhary,R.
";"Identification and characterization of nonpolio enterovirus
";"Bioedit v. 7
";"Sanger dideoxy sequencing
";"         1..317
";genomic RNA;NA;Homo_sapiens;India;2011;"11-FEB-2019
";Enterovirus B;"317
"
KJ632641.1;"KJ632641
";VP1;"KJ632641.1
";"1  (bases 1 to 314)
";"Enterovirus B101
";"Maan,H.S., Dhole,T.N. and Chowdhary,R.
";"Identification and characterization of nonpolio enterovirus
";"Bioedit v. 7
";"Sanger dideoxy sequencing
";"         1..314
";genomic RNA;NA;Homo_sapiens;India;2011;"11-FEB-2019
";Enterovirus B;"314
"
KJ632640.1;"KJ632640
";VP1;"KJ632640.1
";"1  (bases 1 to 339)
";"Enterovirus B101
";"Maan,H.S., Dhole,T.N. and Chowdhary,R.
";"Identification and characterization of nonpolio enterovirus
";"Bioedit v. 7
";"Sanger dideoxy sequencing
";"         1..339
";genomic RNA;NA;Homo_sapiens;India;2011;"11-FEB-2019
";Enterovirus B;"339
"
KJ632639.1;"KJ632639
";VP1;"KJ632639.1
";"1  (bases 1 to 337)
";"Enterovirus B101
";"Maan,H.S., Dhole,T.N. and Chowdhary,R.
";"Identification and characterization of nonpolio enterovirus
";"Bioedit v. 7
";"Sanger dideoxy sequencing
";"         1..337
";genomic RNA;NA;Homo_sapiens;India;2010;"11-FEB-2019
";Enterovirus B;"337
"
KJ632638.1;"KJ632638
";VP1;"KJ632638.1
";"1  (bases 1 to 299)
";"Enterovirus B75
";"Maan,H.S., Dhole,T.N. and Chowdhary,R.
";"Identification and characterization of nonpolio enterovirus
";"Bioedit v. 7
";"Sanger dideoxy sequencing
";"         1..299
";genomic RNA;NA;Homo_sapiens;India;2011;"11-FEB-2019
";Enterovirus B;"299
"
KJ632637.1;"KJ632637
";VP1;"KJ632637.1
";"1  (bases 1 to 327)
";"Enterovirus B75
";"Maan,H.S., Dhole,T.N. and Chowdhary,R.
";"Identification and characterization of nonpolio enterovirus
";"Bioedit v. 7
";"Sanger dideoxy sequencing
";"         1..327
";genomic RNA;NA;Homo_sapiens;India;2011;"11-FEB-2019
";Enterovirus B;"327
"
KJ632636.1;"KJ632636
";VP1;"KJ632636.1
";"1  (bases 1 to 311)
";"Enterovirus B75
";"Maan,H.S., Dhole,T.N. and Chowdhary,R.
";"Identification and characterization of nonpolio enterovirus
";"Bioedit v. 7
";"Sanger dideoxy sequencing
";"         1..311
";genomic RNA;NA;Homo_sapiens;India;2011;"11-FEB-2019
";Enterovirus B;"311
"
KJ632635.1;"KJ632635
";VP1;"KJ632635.1
";"1  (bases 1 to 318)
";"Enterovirus B75
";"Maan,H.S., Dhole,T.N. and Chowdhary,R.
";"Identification and characterization of nonpolio enterovirus
";"Bioedit v. 7
";"Sanger dideoxy sequencing
";"         1..318
";genomic RNA;NA;Homo_sapiens;India;2010;"11-FEB-2019
";Enterovirus B;"318
"
KJ632634.1;"KJ632634
";VP1;"KJ632634.1
";"1  (bases 1 to 323)
";"Enterovirus B75
";"Maan,H.S., Dhole,T.N. and Chowdhary,R.
";"Identification and characterization of nonpolio enterovirus
";"Bioedit v. 7
";"Sanger dideoxy sequencing
";"         1..323
";genomic RNA;NA;Homo_sapiens;India;2010;"11-FEB-2019
";Enterovirus B;"323
"
KJ632633.1;"KJ632633
";VP1;"KJ632633.1
";"1  (bases 1 to 296)
";"Enterovirus B75
";"Maan,H.S., Dhole,T.N. and Chowdhary,R.
";"Identification and characterization of nonpolio enterovirus
";"Bioedit v. 7
";"Sanger dideoxy sequencing
";"         1..296
";genomic RNA;NA;Homo_sapiens;India;2010;"11-FEB-2019
";Enterovirus B;"296
"
KJ632632.1;"KJ632632
";VP1;"KJ632632.1
";"1  (bases 1 to 322)
";"Enterovirus B75
";"Maan,H.S., Dhole,T.N. and Chowdhary,R.
";"Identification and characterization of nonpolio enterovirus
";"Bioedit v. 7
";"Sanger dideoxy sequencing
";"         1..322
";genomic RNA;NA;Homo_sapiens;India;2010;"11-FEB-2019
";Enterovirus B;"322
"
HM639725.1;"HM639725
";polyprotein;"HM639725.1
";"1  (bases 1 to 296)
";"Enterovirus B75
";"Maan,H.S., Dhole,T.N. and Chowdhary,R.
";"Identification and characterization of nonpolio enterovirus
";NA;NA;"         1..296
";genomic RNA;NA;Homo_sapiens;India;2010;"11-FEB-2019
";Enterovirus B;"296
"
GU265819.1;"GU265819
";polyprotein;"GU265819.1
";"1  (bases 1 to 350)
";"Enterovirus C109
";"Yozwiak,N.L., Skewes-Cox,P., Gordon,A., Saborio,S., Kuan,G.,
";"Human enterovirus 109: a novel interspecies recombinant enterovirus
";NA;NA;"         1..350
";genomic RNA;NA;Homo_sapiens;Nicaragua;2008;"14-OCT-2011
";Enterovirus C;"350
"
GU265818.1;"GU265818
";polyprotein;"GU265818.1
";"1  (bases 1 to 337)
";"Enterovirus C109
";"Yozwiak,N.L., Skewes-Cox,P., Gordon,A., Saborio,S., Kuan,G.,
";"Human enterovirus 109: a novel interspecies recombinant enterovirus
";NA;NA;"         1..337
";genomic RNA;NA;Homo_sapiens;Nicaragua;2008;"14-OCT-2011
";Enterovirus C;"337
"
GU265817.1;"GU265817
";polyprotein;"GU265817.1
";"1  (bases 1 to 361)
";"Enterovirus C109
";"Yozwiak,N.L., Skewes-Cox,P., Gordon,A., Saborio,S., Kuan,G.,
";"Human enterovirus 109: a novel interspecies recombinant enterovirus
";NA;NA;"         1..361
";genomic RNA;NA;Homo_sapiens;Nicaragua;2008;"14-OCT-2011
";Enterovirus C;"361
"
GU265816.1;"GU265816
";polyprotein;"GU265816.1
";"1  (bases 1 to 328)
";"Enterovirus C109
";"Yozwiak,N.L., Skewes-Cox,P., Gordon,A., Saborio,S., Kuan,G.,
";"Human enterovirus 109: a novel interspecies recombinant enterovirus
";NA;NA;"         1..328
";genomic RNA;NA;Homo_sapiens;Nicaragua;2008;"14-OCT-2011
";Enterovirus C;"328
"
JQ040525.1;"JQ040525
";"Human enterovirus 99 strain AFP4305-201029193 3D polymerase gene,
";"JQ040525.1
";"1  (bases 1 to 231)
";"Enterovirus C99
";"Cabrerizo,M., Rabella,N., Torner,N., Castellanos,T., Bustillo,I.,
";"Molecular identification of an enterovirus 99 strain in Spain
";NA;NA;"         1..231
";genomic RNA;AFP4305-201029193;Homo_sapiens;Spain;2010;"15-MAR-2012
";Enterovirus C;"231
"
JN408585.1;"JN408585
";"Human enterovirus 99 strain AFP4305-SP201029193 5' UTR.
";"JN408585.1
";"1  (bases 1 to 263)
";"Enterovirus C99
";"Cabrerizo,M., Rabella,N., Torner,N., Castellanos,T., Bustillo,I.,
";"Molecular identification of an enterovirus 99 strain in Spain
";NA;NA;"         1..263
";genomic RNA;AFP4305-SP201029193;Homo_sapiens;Spain;2010;"15-MAR-2012
";Enterovirus C;"263
"
JN408584.1;"JN408584
";"Human enterovirus 99 strain AFP4305-201029193 capsid protein gene,
";"JN408584.1
";"1  (bases 1 to 387)
";"Enterovirus C99
";"Cabrerizo,M., Rabella,N., Torner,N., Castellanos,T., Bustillo,I.,
";"Molecular identification of an enterovirus 99 strain in Spain
";NA;NA;"         1..387
";genomic RNA;AFP4305-201029193;Homo_sapiens;Spain;2010;"15-MAR-2012
";Enterovirus C;"387
"
PP756365.1;"PP756365
";"Enterovirus C99 strain EV-C99_Wastewater_18/08/15_CFD_FRA_2015,
";"PP756365.1
";"1  (bases 1 to 7445)
";"Enterovirus C99
";"Bisseux,M., Mirand,A., Henquell,C. and Bailly,J.-L.
";"Direct Submission
";"SMRT link v. 25/07/2019
";"PacBio
";"         1..7445
";genomic RNA;EV-C99_Wastewater_18/08/15_CFD_FRA_2015;Homo_sapiens;France: ARA, Clermont-Ferrand;2015;"12-MAY-2024
";Enterovirus C;"445
"
MT491239.1;"MT491239
";VP1;"MT491239.1
";"1  (bases 1 to 337)
";"Enterovirus C99
";"Machado,R.S., de Sousa,I.P. Jr., Monteiro,J.C., Ferreira,J.L., Dos
";"Detection and identification of enteroviruses circulating in
";NA;"Sanger dideoxy sequencing
";"         1..337
";genomic RNA;Hu/BRA/2010/EV99/PA;Homo_sapiens;Brazil;2010;"01-NOV-2020
";Enterovirus C;"337
"
AB686524.1;"AB686524
";complete genome;"AB686524.1
";"1
";"Enterovirus C104
";"Kaida,A., Kubo,H., Sekiguchi,J., Hase,A. and Iritani,N.
";"Enterovirus 104 infection in adult, Japan, 2011
";NA;NA;"         1..7408
";genomic RNA;AK11;Homo_sapiens;Japan:Osaka City;2011;"03-JUL-2020
";Enterovirus C;"408
"
GU131227.1;"GU131227
";partial;"GU131227.1
";"1  (bases 1 to 888)
";"Enterovirus C109
";"Yozwiak,N.L., Skewes-Cox,P., Gordon,A., Saborio,S., Kuan,G.,
";"Human enterovirus 109: a novel interspecies recombinant enterovirus
";NA;NA;"         1..888
";genomic RNA;NA;Homo_sapiens;Nicaragua;2008;"25-JUL-2016
";Enterovirus C;"888
"
GU131226.1;"GU131226
";partial;"GU131226.1
";"1  (bases 1 to 888)
";"Enterovirus C109
";"Yozwiak,N.L., Skewes-Cox,P., Gordon,A., Saborio,S., Kuan,G.,
";"Human enterovirus 109: a novel interspecies recombinant enterovirus
";NA;NA;"         1..888
";genomic RNA;NA;Homo_sapiens;Nicaragua;2008;"25-JUL-2016
";Enterovirus C;"888
"
GU131225.1;"GU131225
";partial;"GU131225.1
";"1  (bases 1 to 888)
";"Enterovirus C109
";"Yozwiak,N.L., Skewes-Cox,P., Gordon,A., Saborio,S., Kuan,G.,
";"Human enterovirus 109: a novel interspecies recombinant enterovirus
";NA;NA;"         1..888
";genomic RNA;NA;Homo_sapiens;Nicaragua;2008;"25-JUL-2016
";Enterovirus C;"888
"
GU131224.1;"GU131224
";partial;"GU131224.1
";"1  (bases 1 to 888)
";"Enterovirus C109
";"Yozwiak,N.L., Skewes-Cox,P., Gordon,A., Saborio,S., Kuan,G.,
";"Human enterovirus 109: a novel interspecies recombinant enterovirus
";NA;NA;"         1..888
";genomic RNA;NA;Homo_sapiens;Nicaragua;2008;"25-JUL-2016
";Enterovirus C;"888
"
JX173883.1;"JX173883
";VP1;"JX173883.1
";"1  (bases 1 to 888)
";"Enterovirus C104
";"Piralla,A., Fiorina,L., Daleno,C., Esposito,S. and Baldanti,F.
";"Complete genome characterization of enterovirus 104 circulating in
";NA;NA;"         1..888
";genomic RNA;MI1768;Homo_sapiens;Italy;2009;"09-JUL-2014
";Enterovirus C;"888
"
JX173882.1;"JX173882
";VP1;"JX173882.1
";"1  (bases 1 to 888)
";"Enterovirus C104
";"Piralla,A., Fiorina,L., Daleno,C., Esposito,S. and Baldanti,F.
";"Complete genome characterization of enterovirus 104 circulating in
";NA;NA;"         1..888
";genomic RNA;MI1276;Homo_sapiens;Italy;2009;"09-JUL-2014
";Enterovirus C;"888
"
JX173881.1;"JX173881
";VP1;"JX173881.1
";"1  (bases 1 to 888)
";"Enterovirus C104
";"Piralla,A., Fiorina,L., Daleno,C., Esposito,S. and Baldanti,F.
";"Complete genome characterization of enterovirus 104 circulating in
";NA;NA;"         1..888
";genomic RNA;PD444;Homo_sapiens;Italy;2009;"09-JUL-2014
";Enterovirus C;"888
"
JX173880.1;"JX173880
";VP1;"JX173880.1
";"1  (bases 1 to 888)
";"Enterovirus C104
";"Piralla,A., Fiorina,L., Daleno,C., Esposito,S. and Baldanti,F.
";"Complete genome characterization of enterovirus 104 circulating in
";NA;NA;"         1..888
";genomic RNA;MI560;Homo_sapiens;Italy;2009;"09-JUL-2014
";Enterovirus C;"888
"
JX173879.1;"JX173879
";VP1;"JX173879.1
";"1  (bases 1 to 888)
";"Enterovirus C104
";"Piralla,A., Fiorina,L., Daleno,C., Esposito,S. and Baldanti,F.
";"Complete genome characterization of enterovirus 104 circulating in
";NA;NA;"         1..888
";genomic RNA;MI46;Homo_sapiens;Italy;2009;"09-JUL-2014
";Enterovirus C;"888
"
GQ865517.1;"GQ865517
";complete genome;"GQ865517.1
";"1  (bases 1 to 7354)
";"Enterovirus C109
";"Yozwiak,N.L., Skewes-Cox,P., Gordon,A., Saborio,S., Kuan,G.,
";"Human enterovirus 109: a novel interspecies recombinant enterovirus
";NA;NA;"         1..7354
";genomic RNA;NA;Homo_sapiens;Nicaragua;2008;"31-AUG-2010
";Enterovirus C;"354
"
MZ825288.1;"MZ825288
";VP1;"MZ825288.1
";"1  (bases 1 to 381)
";"Enterovirus C99
";"Janse van Rensburg,M., Mans,J., Mafuyeka,R., MyBurgh,M.,
";"Diversity of enteroviruses from cerebrospinal fluid specimens
";NA;"Sanger dideoxy sequencing
";"         1..381
";genomic RNA;NA;Homo_sapiens;South Africa;2019;"05-AUG-2023
";Enterovirus C;"381
"
KC344834.1;"KC344834
";polyprotein;"KC344834.1
";"1  (bases 1 to 7335)
";"Enterovirus C113
";"Tokarz,R., Haq,S., Sameroff,S., Howie,S.R. and Lipkin,W.I.
";"Genomic analysis of coxsackieviruses A1, A19, A22, enteroviruses
";"MEGA v. 5
";"Sanger dideoxy sequencing
";"         1..7335
";genomic RNA;NA;Homo_sapiens;Bangladesh;2009;"15-OCT-2021
";Enterovirus C;"335
"
MK089787.1;"MK089787
";complete genome;"MK089787.1
";"1  (bases 1 to 7364)
";"enterovirus C117
";"Du,J., Zhu,T., Zhuang,L., Zhang,P.H., Zhang,X.A., Lu,Q.B. and
";"Identification and complete genome characterization of human
";"DNAstar v. 7
";"Sanger dideoxy sequencing
";"         1..7364
";genomic RNA;NA;Homo_sapiens;China;2014;"09-APR-2019
";Enterovirus C;"364
"
KT946713.1;"KT946713
";complete genome;"KT946713.1
";"1  (bases 1 to 7453)
";"Enterovirus C99
";"Ma,S.
";"Complete genome sequence analysis of a human enterovirus C99 strain
";NA;"Sanger dideoxy sequencing
";"         1..7453
";genomic RNA;K292/YN/CHN/2013;Homo_sapiens;China;2013;"01-OCT-2018
";Enterovirus C;"453
"
KY866627.1;"KY866627
";"Enterovirus C99 isolate 3101500044HT_2015_Ter_Apel capsid protein
";"KY866627.1
";"1  (bases 1 to 286)
";"Enterovirus C99
";"Benschop,K.S.M., van der Avoort,H.G., Jusic,E., Vennema,H., van
";"Polio and measles down the drain: Environmental Enterovirus
";NA;"Sanger dideoxy sequencing
";"         1..286
";genomic RNA;NA;Homo_sapiens;Netherlands;2015;"03-AUG-2017
";Enterovirus C;"286
"
KY866117.1;"KY866117
";VP1;"KY866117.1
";"1  (bases 1 to 286)
";"Enterovirus C99
";"Benschop,K.S.M., van der Avoort,H.G., Jusic,E., Vennema,H., van
";"Polio and measles down the drain: Environmental Enterovirus
";NA;"Sanger dideoxy sequencing
";"         1..286
";genomic RNA;NA;Homo_sapiens;Netherlands;2014;"03-AUG-2017
";Enterovirus C;"286
"
KY866028.1;"KY866028
";VP1;"KY866028.1
";"1  (bases 1 to 286)
";"Enterovirus C99
";"Benschop,K.S.M., van der Avoort,H.G., Jusic,E., Vennema,H., van
";"Polio and measles down the drain: Environmental Enterovirus
";NA;"Sanger dideoxy sequencing
";"         1..286
";genomic RNA;NA;Homo_sapiens;Netherlands;2014;"03-AUG-2017
";Enterovirus C;"286
"
HQ538459.1;"HQ538459
";VP1;"HQ538459.1
";"1  (bases 1 to 367)
";"Enterovirus C96
";"Ding,Z.R., Tang,J.J., Tian,B.J., Zhang,J., Li,L.Q., Zhao,Z.X. and
";"[Status of enterovirus infection and molecular identification among
";NA;NA;"         1..367
";genomic RNA;NA;Homo_sapiens;China: Yunnan;2010;"25-JUL-2016
";Enterovirus C;"367
"
HQ538458.1;"HQ538458
";VP1;"HQ538458.1
";"1  (bases 1 to 353)
";"Enterovirus C96
";"Ding,Z.R., Tang,J.J., Tian,B.J., Zhang,J., Li,L.Q., Zhao,Z.X. and
";"[Status of enterovirus infection and molecular identification among
";NA;NA;"         1..353
";genomic RNA;NA;Homo_sapiens;China: Yunnan;2010;"25-JUL-2016
";Enterovirus C;"353
"
HQ538457.1;"HQ538457
";VP1;"HQ538457.1
";"1  (bases 1 to 353)
";"Enterovirus C96
";"Ding,Z.R., Tang,J.J., Tian,B.J., Zhang,J., Li,L.Q., Zhao,Z.X. and
";"[Status of enterovirus infection and molecular identification among
";NA;NA;"         1..353
";genomic RNA;NA;Homo_sapiens;China: Yunnan;2010;"25-JUL-2016
";Enterovirus C;"353
"
OP267535.1;"OP267535
";VP1;"OP267535.1
";"1  (bases 1 to 718)
";"enterovirus D68
";"Benschop,K.S., Albert,J., Anton,A., Andres,C., Aranzamendi,M.,
";"Re-emergence of enterovirus D68 in Europe after easing the COVID-19
";NA;"Sanger dideoxy sequencing
";"         1..718
";genomic RNA;NA;Homo_sapiens;France: ARA;2021;"06-SEP-2022
";Enterovirus D;"718
"
OP267534.1;"OP267534
";VP1;"OP267534.1
";"1  (bases 1 to 344)
";"enterovirus D68
";"Benschop,K.S., Albert,J., Anton,A., Andres,C., Aranzamendi,M.,
";"Re-emergence of enterovirus D68 in Europe after easing the COVID-19
";NA;"Sanger dideoxy sequencing
";"         1..344
";genomic RNA;NA;Homo_sapiens;France: ARA;2021;"06-SEP-2022
";Enterovirus D;"344
"
OP267533.1;"OP267533
";VP1;"OP267533.1
";"1  (bases 1 to 339)
";"enterovirus D68
";"Benschop,K.S., Albert,J., Anton,A., Andres,C., Aranzamendi,M.,
";"Re-emergence of enterovirus D68 in Europe after easing the COVID-19
";NA;"Sanger dideoxy sequencing
";"         1..339
";genomic RNA;NA;Homo_sapiens;France: ARA;2021;"06-SEP-2022
";Enterovirus D;"339
"
OP267532.1;"OP267532
";VP1;"OP267532.1
";"1  (bases 1 to 346)
";"enterovirus D68
";"Benschop,K.S., Albert,J., Anton,A., Andres,C., Aranzamendi,M.,
";"Re-emergence of enterovirus D68 in Europe after easing the COVID-19
";NA;"Sanger dideoxy sequencing
";"         1..346
";genomic RNA;NA;Homo_sapiens;France: IDF;2021;"06-SEP-2022
";Enterovirus D;"346
"
OP267531.1;"OP267531
";VP1;"OP267531.1
";"1  (bases 1 to 346)
";"enterovirus D68
";"Benschop,K.S., Albert,J., Anton,A., Andres,C., Aranzamendi,M.,
";"Re-emergence of enterovirus D68 in Europe after easing the COVID-19
";NA;"Sanger dideoxy sequencing
";"         1..346
";genomic RNA;NA;Homo_sapiens;France: IDF;2021;"06-SEP-2022
";Enterovirus D;"346
"
OP267530.1;"OP267530
";VP1;"OP267530.1
";"1  (bases 1 to 924)
";"enterovirus D68
";"Benschop,K.S., Albert,J., Anton,A., Andres,C., Aranzamendi,M.,
";"Re-emergence of enterovirus D68 in Europe after easing the COVID-19
";NA;"Sanger dideoxy sequencing
";"         1..924
";genomic RNA;NA;Homo_sapiens;France: ARA;2021;"06-SEP-2022
";Enterovirus D;"924
"
OP267529.1;"OP267529
";VP1;"OP267529.1
";"1  (bases 1 to 924)
";"enterovirus D68
";"Benschop,K.S., Albert,J., Anton,A., Andres,C., Aranzamendi,M.,
";"Re-emergence of enterovirus D68 in Europe after easing the COVID-19
";NA;"Sanger dideoxy sequencing
";"         1..924
";genomic RNA;NA;Homo_sapiens;France: ARA;2021;"06-SEP-2022
";Enterovirus D;"924
"
OP267528.1;"OP267528
";VP1;"OP267528.1
";"1  (bases 1 to 924)
";"enterovirus D68
";"Benschop,K.S., Albert,J., Anton,A., Andres,C., Aranzamendi,M.,
";"Re-emergence of enterovirus D68 in Europe after easing the COVID-19
";NA;"Sanger dideoxy sequencing
";"         1..924
";genomic RNA;NA;Homo_sapiens;France: ARA;2021;"06-SEP-2022
";Enterovirus D;"924
"
OP267527.1;"OP267527
";VP1;"OP267527.1
";"1  (bases 1 to 924)
";"enterovirus D68
";"Benschop,K.S., Albert,J., Anton,A., Andres,C., Aranzamendi,M.,
";"Re-emergence of enterovirus D68 in Europe after easing the COVID-19
";NA;"Sanger dideoxy sequencing
";"         1..924
";genomic RNA;NA;Homo_sapiens;France: ARA;2021;"06-SEP-2022
";Enterovirus D;"924
"
OP267526.1;"OP267526
";VP1;"OP267526.1
";"1  (bases 1 to 924)
";"enterovirus D68
";"Benschop,K.S., Albert,J., Anton,A., Andres,C., Aranzamendi,M.,
";"Re-emergence of enterovirus D68 in Europe after easing the COVID-19
";NA;"Sanger dideoxy sequencing
";"         1..924
";genomic RNA;NA;Homo_sapiens;France: ARA;2021;"06-SEP-2022
";Enterovirus D;"924
"
OP267525.1;"OP267525
";VP1;"OP267525.1
";"1  (bases 1 to 927)
";"enterovirus D68
";"Benschop,K.S., Albert,J., Anton,A., Andres,C., Aranzamendi,M.,
";"Re-emergence of enterovirus D68 in Europe after easing the COVID-19
";NA;"Sanger dideoxy sequencing
";"         1..927
";genomic RNA;NA;Homo_sapiens;France: ARA;2021;"06-SEP-2022
";Enterovirus D;"927
"
OP267524.1;"OP267524
";VP1;"OP267524.1
";"1  (bases 1 to 927)
";"enterovirus D68
";"Benschop,K.S., Albert,J., Anton,A., Andres,C., Aranzamendi,M.,
";"Re-emergence of enterovirus D68 in Europe after easing the COVID-19
";NA;"Sanger dideoxy sequencing
";"         1..927
";genomic RNA;NA;Homo_sapiens;France: ARA;2021;"06-SEP-2022
";Enterovirus D;"927
"
OP267523.1;"OP267523
";complete genome;"OP267523.1
";"1  (bases 1 to 7334)
";"enterovirus D68
";"Benschop,K.S., Albert,J., Anton,A., Andres,C., Aranzamendi,M.,
";"Re-emergence of enterovirus D68 in Europe after easing the COVID-19
";"SPADES v. 01/04/2022
";"Illumina
";"         1..7334
";genomic RNA;NA;Homo_sapiens;France: ARA;2021;"06-SEP-2022
";Enterovirus D;"334
"
OP267522.1;"OP267522
";complete genome;"OP267522.1
";"1  (bases 1 to 7430)
";"enterovirus D68
";"Benschop,K.S., Albert,J., Anton,A., Andres,C., Aranzamendi,M.,
";"Re-emergence of enterovirus D68 in Europe after easing the COVID-19
";"SPADES v. 01/04/2022
";"Illumina
";"         1..7430
";genomic RNA;NA;Homo_sapiens;France: ARA;2021;"06-SEP-2022
";Enterovirus D;"430
"
OP267521.1;"OP267521
";complete genome;"OP267521.1
";"1  (bases 1 to 7362)
";"enterovirus D68
";"Benschop,K.S., Albert,J., Anton,A., Andres,C., Aranzamendi,M.,
";"Re-emergence of enterovirus D68 in Europe after easing the COVID-19
";"SPADES v. 01/04/2022
";"Illumina
";"         1..7362
";genomic RNA;NA;Homo_sapiens;France: ARA;2021;"06-SEP-2022
";Enterovirus D;"362
"
OP267520.1;"OP267520
";polyprotein;"OP267520.1
";"1  (bases 1 to 7228)
";"enterovirus D68
";"Benschop,K.S., Albert,J., Anton,A., Andres,C., Aranzamendi,M.,
";"Re-emergence of enterovirus D68 in Europe after easing the COVID-19
";"SPADES v. 01/04/2022
";"Illumina
";"         1..7228
";genomic RNA;NA;Homo_sapiens;France: ARA;2021;"06-SEP-2022
";Enterovirus D;"228
"
OP267519.1;"OP267519
";complete genome;"OP267519.1
";"1  (bases 1 to 7317)
";"enterovirus D68
";"Benschop,K.S., Albert,J., Anton,A., Andres,C., Aranzamendi,M.,
";"Re-emergence of enterovirus D68 in Europe after easing the COVID-19
";"SPADES v. 01/04/2022
";"Illumina
";"         1..7317
";genomic RNA;NA;Homo_sapiens;France: ARA;2021;"06-SEP-2022
";Enterovirus D;"317
"
OP267518.1;"OP267518
";complete genome;"OP267518.1
";"1  (bases 1 to 7414)
";"enterovirus D68
";"Benschop,K.S., Albert,J., Anton,A., Andres,C., Aranzamendi,M.,
";"Re-emergence of enterovirus D68 in Europe after easing the COVID-19
";"SPADES v. 01/04/2022
";"Illumina
";"         1..7414
";genomic RNA;NA;Homo_sapiens;France: ARA;2021;"06-SEP-2022
";Enterovirus D;"414
"
OP267517.1;"OP267517
";complete genome;"OP267517.1
";"1  (bases 1 to 7397)
";"enterovirus D68
";"Benschop,K.S., Albert,J., Anton,A., Andres,C., Aranzamendi,M.,
";"Re-emergence of enterovirus D68 in Europe after easing the COVID-19
";"SPADES v. 01/04/2022
";"Illumina
";"         1..7397
";genomic RNA;NA;Homo_sapiens;France: ARA;2021;"06-SEP-2022
";Enterovirus D;"397
"
OP267516.1;"OP267516
";complete genome;"OP267516.1
";"1  (bases 1 to 7400)
";"enterovirus D68
";"Benschop,K.S., Albert,J., Anton,A., Andres,C., Aranzamendi,M.,
";"Re-emergence of enterovirus D68 in Europe after easing the COVID-19
";"SPADES v. 01/04/2022
";"Illumina
";"         1..7400
";genomic RNA;NA;Homo_sapiens;France: ARA;2021;"06-SEP-2022
";Enterovirus D;"400
"
OP267515.1;"OP267515
";complete genome;"OP267515.1
";"1  (bases 1 to 7403)
";"enterovirus D68
";"Benschop,K.S., Albert,J., Anton,A., Andres,C., Aranzamendi,M.,
";"Re-emergence of enterovirus D68 in Europe after easing the COVID-19
";"SPADES v. 01/04/2022
";"Illumina
";"         1..7403
";genomic RNA;NA;Homo_sapiens;France: ARA;2021;"06-SEP-2022
";Enterovirus D;"403
"
OP267514.1;"OP267514
";complete genome;"OP267514.1
";"1  (bases 1 to 7392)
";"enterovirus D68
";"Benschop,K.S., Albert,J., Anton,A., Andres,C., Aranzamendi,M.,
";"Re-emergence of enterovirus D68 in Europe after easing the COVID-19
";"SPADES v. 01/04/2022
";"Illumina
";"         1..7392
";genomic RNA;NA;Homo_sapiens;France: ARA;2021;"06-SEP-2022
";Enterovirus D;"392
"
OP267513.1;"OP267513
";complete genome;"OP267513.1
";"1  (bases 1 to 7409)
";"enterovirus D68
";"Benschop,K.S., Albert,J., Anton,A., Andres,C., Aranzamendi,M.,
";"Re-emergence of enterovirus D68 in Europe after easing the COVID-19
";"SPADES v. 01/04/2022
";"Illumina
";"         1..7409
";genomic RNA;NA;Homo_sapiens;France: ARA;2021;"06-SEP-2022
";Enterovirus D;"409
"
OP267512.1;"OP267512
";complete genome;"OP267512.1
";"1  (bases 1 to 7349)
";"enterovirus D68
";"Benschop,K.S., Albert,J., Anton,A., Andres,C., Aranzamendi,M.,
";"Re-emergence of enterovirus D68 in Europe after easing the COVID-19
";"SPADES v. 01/04/2022
";"Illumina
";"         1..7349
";genomic RNA;NA;Homo_sapiens;France: ARA;2021;"06-SEP-2022
";Enterovirus D;"349
"
OP267511.1;"OP267511
";complete genome;"OP267511.1
";"1  (bases 1 to 7366)
";"enterovirus D68
";"Benschop,K.S., Albert,J., Anton,A., Andres,C., Aranzamendi,M.,
";"Re-emergence of enterovirus D68 in Europe after easing the COVID-19
";"SPADES v. 01/04/2022
";"Illumina
";"         1..7366
";genomic RNA;NA;Homo_sapiens;France: ARA;2021;"06-SEP-2022
";Enterovirus D;"366
"
OP267510.1;"OP267510
";complete genome;"OP267510.1
";"1  (bases 1 to 7370)
";"enterovirus D68
";"Benschop,K.S., Albert,J., Anton,A., Andres,C., Aranzamendi,M.,
";"Re-emergence of enterovirus D68 in Europe after easing the COVID-19
";"SPADES v. 01/04/2022
";"Illumina
";"         1..7370
";genomic RNA;NA;Homo_sapiens;France: ARA;2021;"06-SEP-2022
";Enterovirus D;"370
"
OP267509.1;"OP267509
";complete genome;"OP267509.1
";"1  (bases 1 to 7410)
";"enterovirus D68
";"Benschop,K.S., Albert,J., Anton,A., Andres,C., Aranzamendi,M.,
";"Re-emergence of enterovirus D68 in Europe after easing the COVID-19
";"SPADES v. 01/04/2022
";"Illumina
";"         1..7410
";genomic RNA;NA;Homo_sapiens;France: ARA;2021;"06-SEP-2022
";Enterovirus D;"410
"
OP267508.1;"OP267508
";complete genome;"OP267508.1
";"1  (bases 1 to 7380)
";"enterovirus D68
";"Benschop,K.S., Albert,J., Anton,A., Andres,C., Aranzamendi,M.,
";"Re-emergence of enterovirus D68 in Europe after easing the COVID-19
";"SPADES v. 01/04/2022
";"Illumina
";"         1..7380
";genomic RNA;NA;Homo_sapiens;France: ARA;2021;"06-SEP-2022
";Enterovirus D;"380
"
OP267507.1;"OP267507
";complete genome;"OP267507.1
";"1  (bases 1 to 7389)
";"enterovirus D68
";"Benschop,K.S., Albert,J., Anton,A., Andres,C., Aranzamendi,M.,
";"Re-emergence of enterovirus D68 in Europe after easing the COVID-19
";"SPADES v. 01/04/2022
";"Illumina
";"         1..7389
";genomic RNA;NA;Homo_sapiens;France: ARA;2021;"06-SEP-2022
";Enterovirus D;"389
"
OP267506.1;"OP267506
";complete genome;"OP267506.1
";"1  (bases 1 to 7398)
";"enterovirus D68
";"Benschop,K.S., Albert,J., Anton,A., Andres,C., Aranzamendi,M.,
";"Re-emergence of enterovirus D68 in Europe after easing the COVID-19
";"SPADES v. 01/04/2022
";"Illumina
";"         1..7398
";genomic RNA;NA;Homo_sapiens;France: ARA;2021;"06-SEP-2022
";Enterovirus D;"398
"
JN544419.1;"JN544419
";polyprotein;"JN544419.1
";"1  (bases 1 to 7460)
";"Enterovirus A71
";"Huang,S.W., Wang,Y.F., Yu,C.K., Su,I.J. and Wang,J.R.
";"Mutations in VP2 and VP1 capsid proteins increase infectivity and
";NA;NA;"         1..7460
";genomic RNA;NA;Mus_musculus;China;2004;"29-NOV-2011
";Enterovirus A;"460
"
KX588235.1;"KX588235
";partial;"KX588235.1
";"1  (bases 1 to 2586)
";"Enterovirus A71
";"Sun,Y.-S. and Zhu,H.-P.
";"An attenuated strain of EV71 belonging to genotype C with
";NA;"Sanger dideoxy sequencing
";"         1..2586
";genomic RNA;157-11-2;gerbil;China;2008;"05-JUN-2017
";Enterovirus A;"586
"
OP585372.1;"OP585372
";complete genome;"OP585372.1
";"1  (bases 1 to 7411)
";"Enterovirus A71
";"Ong KC, Devi S, Cardosa MJ and Wong KT.
";"Formaldehyde-inactivated whole-virus vaccine protects a murine
";NA;NA;"         1..7411
";genomic RNA;NA;Mus_musculus;Malaysia;2004;"29-APR-2023
";Enterovirus A;"411
"
OP651899.1;"OP651899
";complete genome;"OP651899.1
";"1  (bases 1 to 7410)
";"Coxsackievirus A16
";"Hooi,Y.T., Ong,K.C., Tan,S.H. and Wong,K.T.
";"Direct Submission
";NA;"Sanger dideoxy sequencing
";"         1..7410
";genomic RNA;D1;Mus_musculus;Malaysia;2018;"08-MAY-2023
";Enterovirus A;"410
"
MG586908.1;"MG586908
";"Coxsackievirus A16 isolate CVA16/India/0924311-Mouse_Intestine/2017
";"MG586908.1
";"1  (bases 1 to 620)
";"Coxsackievirus A16
";"Tikute,S. and Gopalkrishna,V.
";"Pathological and molecular studies on Coxsackie virusA-16 (CVA-16)
";"MEGA v. 5
";"Sanger dideoxy sequencing
";"         1..620
";genomic RNA;NA;Mus_musculus;India;2016;"04-DEC-2019
";Enterovirus A;"620
"
MG586907.1;"MG586907
";"Coxsackievirus A16 isolate
";"MG586907.1
";"1  (bases 1 to 692)
";"Coxsackievirus A16
";"Tikute,S. and Gopalkrishna,V.
";"Pathological and molecular studies on Coxsackie virusA-16 (CVA-16)
";"MEGA v. 5
";"Sanger dideoxy sequencing
";"         1..692
";genomic RNA;NA;Mus_musculus;India;2016;"04-DEC-2019
";Enterovirus A;"692
"
MG586906.1;"MG586906
";"Coxsackievirus A16 isolate CVA16/India/0924311-Mouse_Heart/2017
";"MG586906.1
";"1  (bases 1 to 620)
";"Coxsackievirus A16
";"Tikute,S. and Gopalkrishna,V.
";"Pathological and molecular studies on Coxsackie virusA-16 (CVA-16)
";"MEGA v. 5
";"Sanger dideoxy sequencing
";"         1..620
";genomic RNA;NA;Mus_musculus;India;2016;"04-DEC-2019
";Enterovirus A;"620
"
MG586905.1;"MG586905
";"Coxsackievirus A16 isolate CVA16/India/0924311-Mouse_Brain/2017
";"MG586905.1
";"1  (bases 1 to 570)
";"Coxsackievirus A16
";"Tikute,S. and Gopalkrishna,V.
";"Pathological and molecular studies on Coxsackie virusA-16 (CVA-16)
";"MEGA v. 5
";"Sanger dideoxy sequencing
";"         1..570
";genomic RNA;NA;Mus_musculus;India;2016;"04-DEC-2019
";Enterovirus A;"570
"
OR188810.1;"OR188810
";"UNVERIFIED: Enterovirus B80 clone MDB-32 CP sequence.
";"OR188810.1
";"1  (bases 1 to 383)
";"Enterovirus B80
";"Bohou Kombila,L., N'dilimabaka,N., Garcia,D., Rieu,O., Engone
";"Molecular Identification of Enteric Viruses in Domestic Animals in
";NA;"Sanger dideoxy sequencing
";"         1..383
";genomic RNA;NA;Domestic_goat;Gabon;2018;"30-AUG-2023
";Enterovirus B;"383
"
OR188809.1;"OR188809
";"UNVERIFIED: Enterovirus C99 clone ZOU-111 CN sequence.
";"OR188809.1
";"1  (bases 1 to 385)
";"Enterovirus C99
";"Bohou Kombila,L., N'dilimabaka,N., Garcia,D., Rieu,O., Engone
";"Molecular Identification of Enteric Viruses in Domestic Animals in
";NA;"Sanger dideoxy sequencing
";"         1..385
";genomic RNA;NA;dog;Gabon;2018;"30-AUG-2023
";Enterovirus C;"385
"
OQ653554.1;"OQ653554
";polyprotein;"OQ653554.1
";"1  (bases 1 to 7268)
";"enterovirus D68
";"Krug,P.W., Wang,L., Shi,W., Kong,W.P., Moss,D.L., Yang,E.S.,
";"EV-D68 virus-like particle vaccines elicit cross-clade neutralizing
";NA;"Sanger dideoxy sequencing
";"         1..7268
";genomic RNA;US/2018-23087;Mus_musculus;USA;2021;"31-MAY-2023
";Enterovirus D;"268
"
